learner,radius,feature,mean_abs_shap,direction_spearman
RF,1km,slope_deg,0.04894215786675525,-0.7153462033462035
RF,1km,dist_road_km,0.03733080310656483,0.8064381264381264
RF,1km,dist_rail_km,0.007144757645867714,0.09365571365571367
RF,1km,dist_water_km,0.016711102356902964,0.20432354432354435
RF,1km,dist_cbd_km,0.006032564062283743,-0.5551513831513832
RF,1km,dist_dryport_km,0.006848000656704404,-0.07824263424263425
RF,1km,nightlight,0.006226757814701897,0.5929252867752048
RF,1km,forest,0.05836424773906526,0.8091306192924463
RF,1km,builtup,0.00358521762911674,0.9999865458483846
RF,1km,dist_railway_new_km,0.011853390891709935,0.4910960270960271
RF,1km,dist_border_CK_km,0.023097666700629644,-0.7994661194661196
RF,5km,slope_deg,0.0413488759947865,-0.7013041733041734
RF,5km,dist_road_km,0.027344153612744775,0.247016659016659
RF,5km,dist_rail_km,0.005547796130159523,-0.09143731943731943
RF,5km,dist_water_km,0.01682298836487111,-0.4518673158673158
RF,5km,dist_cbd_km,0.006518267891443863,-0.12014608814608814
RF,5km,dist_dryport_km,0.005711442774340242,0.1621796941796942
RF,5km,nightlight,0.040367796740488175,0.6774868770711978
RF,5km,forest,0.018074701959884122,0.7781750755481266
RF,5km,builtup,0.003943883343231317,0.9999865458483846
RF,5km,dist_railway_new_km,0.0068456989607363575,0.8499743499743501
RF,5km,dist_border_CK_km,0.00670492047659289,-0.6028440988440988
RF,10km,slope_deg,0.050372673441476265,-0.7231850791850792
RF,10km,dist_road_km,0.02118248146073078,-0.423957675957676
RF,10km,dist_rail_km,0.005128958320538297,0.0353976953976954
RF,10km,dist_water_km,0.01685395325162758,-0.7515402555402556
RF,10km,dist_cbd_km,0.007523429098855191,-0.20270727470727473
RF,10km,dist_dryport_km,0.005797074154237285,-0.08015506415506417
RF,10km,nightlight,0.054791836153168315,0.6841305587544511
RF,10km,forest,0.014536660635205008,0.5352601440008473
RF,10km,builtup,0.003508039093186155,0.9999865458483846
RF,10km,dist_railway_new_km,0.0065432591238566646,0.8205187005187006
RF,10km,dist_border_CK_km,0.00758884133465177,-0.6644796644796644
RF,20km,slope_deg,0.060851075071203,-0.7277980997980998
RF,20km,dist_road_km,0.02312365007113653,-0.871025539025539
RF,20km,dist_rail_km,0.004663102854037718,-0.18182202182202184
RF,20km,dist_water_km,0.018401924771229823,-0.8307514947514947
RF,20km,dist_cbd_km,0.010969466818743449,-0.42522839322839323
RF,20km,dist_dryport_km,0.006828201207565482,-0.13103978303978303
RF,20km,nightlight,0.06014854850090016,0.6889800449694453
RF,20km,forest,0.011047355669791831,0.326372734921649
RF,20km,builtup,0.002953383959370544,0.9999865458483846
RF,20km,dist_railway_new_km,0.0041519590354810705,0.5582758382758384
RF,20km,dist_border_CK_km,0.008470908516570591,-0.5867714267714268
RF,25km,slope_deg,0.06281091765703065,-0.7285970485970485
RF,25km,dist_road_km,0.02440404834773772,-0.8774607854607855
RF,25km,dist_rail_km,0.004524047946746656,-0.20462558462558464
RF,25km,dist_water_km,0.01813878445420772,-0.8515827475827475
RF,25km,dist_cbd_km,0.0115878257229881,-0.5071504351504352
RF,25km,dist_dryport_km,0.0065977682867734005,-0.12366006366006367
RF,25km,nightlight,0.060165176719706503,0.6895543634409534
RF,25km,forest,0.010997699190485566,0.35074852888786623
RF,25km,builtup,0.0028824271280194465,0.9999865458483846
RF,25km,dist_railway_new_km,0.004236345832113653,0.4645845925845926
RF,25km,dist_border_CK_km,0.008603327438657929,-0.5797760557760558
RF,Rinf,slope_deg,0.06372211708824162,-0.7260635820635821
RF,Rinf,dist_road_km,0.02561547452239428,-0.8911529071529072
RF,Rinf,dist_rail_km,0.004690830135878402,-0.341948141948142
RF,Rinf,dist_water_km,0.019439823024385454,-0.8656266256266257
RF,Rinf,dist_cbd_km,0.01225145116049083,-0.6443613203613204
RF,Rinf,dist_dryport_km,0.006887349018979728,-0.0655904335904336
RF,Rinf,nightlight,0.06132352540179181,0.6866068534863392
RF,Rinf,forest,0.010177727236424204,0.3028328049337575
RF,Rinf,builtup,0.0028592447719525834,0.9999865458483846
RF,Rinf,dist_railway_new_km,0.0035879569072143624,0.2798999558999559
RF,Rinf,dist_border_CK_km,0.009457040675584316,-0.6786318906318907
XGB,1km,slope_deg,0.06540385506290847,-0.8344241224241226
XGB,1km,dist_road_km,0.04864321248710622,0.7359149439149439
XGB,1km,dist_rail_km,0.008919677469446658,0.4172653892653893
XGB,1km,dist_water_km,0.026229697888235023,0.40944609744609745
XGB,1km,dist_cbd_km,0.021673295800607298,-0.7294182334182334
XGB,1km,dist_dryport_km,0.014138612460627446,-0.606103506103506
XGB,1km,nightlight,0.0057399460043493205,0.5507193117690348
XGB,1km,forest,0.043251585993774176,0.7680018250768802
XGB,1km,builtup,0.0034571542802495268,0.9999865458483846
XGB,1km,dist_railway_new_km,0.03059350713529372,0.7893516453516455
XGB,1km,dist_border_CK_km,0.03662710272757731,-0.8178406458406458
XGB,5km,slope_deg,0.039254924396509336,-0.7283546003546004
XGB,5km,dist_road_km,0.011586661764000958,0.14981911781911783
XGB,5km,dist_rail_km,0.0036472514979615333,-0.15509356709356711
XGB,5km,dist_water_km,0.010821521935093689,-0.28129723729723727
XGB,5km,dist_cbd_km,0.005783325944226988,-0.5294767094767094
XGB,5km,dist_dryport_km,0.005815115500994311,0.14703002703002704
XGB,5km,nightlight,0.020564685555050262,0.5726982822961157
XGB,5km,forest,0.009463733884181974,0.6195466672169758
XGB,5km,builtup,0.004048133107426055,0.9999865458483846
XGB,5km,dist_railway_new_km,0.011113818056516157,0.7331302211302212
XGB,5km,dist_border_CK_km,0.00967186344322149,-0.7225243345243345
XGB,10km,slope_deg,0.04107179750824981,-0.7127044967044968
XGB,10km,dist_road_km,0.012165188645503512,-0.754954678954679
XGB,10km,dist_rail_km,0.003595426659482309,-0.19792702192702197
XGB,10km,dist_water_km,0.008832713767198207,-0.654010698010698
XGB,10km,dist_cbd_km,0.009583575036718832,-0.8320724800724801
XGB,10km,dist_dryport_km,0.004880792331404748,0.0345966345966346
XGB,10km,nightlight,0.027685245281690883,0.5731375603380477
XGB,10km,forest,0.008570050005293086,0.7406112054794367
XGB,10km,builtup,0.003439381655828395,0.9999865458483846
XGB,10km,dist_railway_new_km,0.008886260437888673,0.6392852912852913
XGB,10km,dist_border_CK_km,0.010675212174435754,-0.7062122502122502
XGB,20km,slope_deg,0.05217117730148018,-0.7171985611985613
XGB,20km,dist_road_km,0.018582084897876803,-0.861938817938818
XGB,20km,dist_rail_km,0.004365421292702525,-0.5208422688422689
XGB,20km,dist_water_km,0.012318093124192646,-0.7261099381099382
XGB,20km,dist_cbd_km,0.013414927620909815,-0.7788208308208309
XGB,20km,dist_dryport_km,0.006247931142148506,-0.03402675402675403
XGB,20km,nightlight,0.03171427741950845,0.5577110635094302
XGB,20km,forest,0.009430482482918634,0.8332849450250901
XGB,20km,builtup,0.002930859726611593,0.9999865458483846
XGB,20km,dist_railway_new_km,0.010903529913269724,0.5734358614358614
XGB,20km,dist_border_CK_km,0.016165298408579304,-0.6866727386727387
XGB,25km,slope_deg,0.05261572793036882,-0.7178987858987859
XGB,25km,dist_road_km,0.017345175426559643,-0.8504130224130225
XGB,25km,dist_rail_km,0.0058564117461470085,-0.586977874977875
XGB,25km,dist_water_km,0.012488388270250127,-0.7633544353544354
XGB,25km,dist_cbd_km,0.014674950976873283,-0.8586713226713226
XGB,25km,dist_dryport_km,0.0058037099505900665,-0.04757907557907558
XGB,25km,nightlight,0.03293092965747195,0.5276419077386054
XGB,25km,forest,0.00818714872755931,0.7520418239864552
XGB,25km,builtup,0.0031056450662443895,0.9999865458483846
XGB,25km,dist_railway_new_km,0.01105503349136671,0.512884268884269
XGB,25km,dist_border_CK_km,0.015745763401407188,-0.6911830031830032
XGB,Rinf,slope_deg,0.054796030730404593,-0.7046813486813487
XGB,Rinf,dist_road_km,0.022229227765253122,-0.8633207153207153
XGB,Rinf,dist_rail_km,0.008485584400468787,-0.7868852552459111
XGB,Rinf,dist_water_km,0.012896586553974016,-0.7062465702465702
XGB,Rinf,dist_cbd_km,0.015022871696177338,-0.8522230682230684
XGB,Rinf,dist_dryport_km,0.007219726385273204,0.10918027318027321
XGB,Rinf,nightlight,0.035860369176703114,0.5409492472568055
XGB,Rinf,forest,0.00966478592656355,0.8054156682776654
XGB,Rinf,builtup,0.002697525026355934,0.9999865458483846
XGB,Rinf,dist_railway_new_km,0.011637098526980253,0.4674351474351475
XGB,Rinf,dist_border_CK_km,0.01996781586021355,-0.6267519627519628
LR,1km,slope_deg,0.15087488687297873,-0.982828690828691
LR,1km,dist_road_km,0.018363431022437256,-0.9671541431541432
LR,1km,dist_rail_km,0.009779774534027284,-0.9857829257829258
LR,1km,dist_water_km,0.002220944292586215,0.9687442527442528
LR,1km,dist_cbd_km,0.0017034893294247458,0.9822764862764863
LR,1km,dist_dryport_km,0.00024081097633201179,-0.9891263091263093
LR,1km,nightlight,9.34835390119238e-05,-0.5770675352478867
LR,1km,forest,0.16440505531211697,0.839850406530059
LR,1km,builtup,0.004874958623560541,0.9999865458483846
LR,1km,dist_railway_new_km,0.02445029119358713,0.9818724818724818
LR,1km,dist_border_CK_km,0.02459359425234145,-0.9844716604716605
LR,5km,slope_deg,0.07941674143673053,-0.860026184026184
LR,5km,dist_road_km,0.04360425180200857,-0.9373231333231333
LR,5km,dist_rail_km,0.0057028615543924955,-0.9552014112014114
LR,5km,dist_water_km,0.014532471977011628,-0.9446098526098525
LR,5km,dist_cbd_km,0.00717980489717516,-0.948997128997129
LR,5km,dist_dryport_km,0.005294755594708066,-0.9560312240312241
LR,5km,nightlight,0.006811806547165178,0.44080400618490057
LR,5km,forest,0.04388839013483998,0.839850406530059
LR,5km,builtup,0.0033531640882645225,0.9999865458483846
LR,5km,dist_railway_new_km,0.018488983558660764,0.9362314322314322
LR,5km,dist_border_CK_km,0.01562924928793677,-0.9272401952401953
LR,10km,slope_deg,0.09040076481267946,-0.8409607929607931
LR,10km,dist_road_km,0.05060817906730749,-0.9321836961836963
LR,10km,dist_rail_km,0.0059085423592031075,-0.9539515139515139
LR,10km,dist_water_km,0.018722624118791064,-0.9434248154248154
LR,10km,dist_cbd_km,0.011224964013910552,-0.9489339729339731
LR,10km,dist_dryport_km,0.006275300463812408,-0.9541783261783262
LR,10km,nightlight,0.009403025947688047,0.4331230607698015
LR,10km,forest,0.03600197595432533,0.839850406530059
LR,10km,builtup,0.0029750200359984,0.9999865458483846
LR,10km,dist_railway_new_km,0.0214212997445151,0.9354827994827996
LR,10km,dist_border_CK_km,0.018830945985751756,-0.9253419133419134
LR,20km,slope_deg,0.101443957017552,-0.8333590133590134
LR,20km,dist_road_km,0.055085757497465866,-0.933093117093117
LR,20km,dist_rail_km,0.007491623526968845,-0.9548231468231468
LR,20km,dist_water_km,0.02212854055623396,-0.9430026070026071
LR,20km,dist_cbd_km,0.014188650564877836,-0.9493490893490892
LR,20km,dist_dryport_km,0.00597668021520667,-0.9544393744393744
LR,20km,nightlight,0.010046500385651034,0.43854156314443443
LR,20km,forest,0.030796157769947582,0.839850406530059
LR,20km,builtup,0.002828897660236369,0.9999865458483846
LR,20km,dist_railway_new_km,0.018527541685753848,0.9379080379080379
LR,20km,dist_border_CK_km,0.020968807144815325,-0.9244056964056966
LR,25km,slope_deg,0.10389563770755313,-0.8349087669087669
LR,25km,dist_road_km,0.056343352882326274,-0.9336894216894217
LR,25km,dist_rail_km,0.007004405890726119,-0.9547573507573509
LR,25km,dist_water_km,0.022835460016715665,-0.942924474924475
LR,25km,dist_cbd_km,0.015035487207391519,-0.9496202776202777
LR,25km,dist_dryport_km,0.005483813109213539,-0.9547311187311188
LR,25km,nightlight,0.010179727772746918,0.4399162265445753
LR,25km,forest,0.030592936546544453,0.839850406530059
LR,25km,builtup,0.0028830495936905958,0.9999865458483846
LR,25km,dist_railway_new_km,0.01850811762130304,0.9384185304185305
LR,25km,dist_border_CK_km,0.020718881202567707,-0.9251068331068332
LR,Rinf,slope_deg,0.10631662859237555,-0.8340026700026701
LR,Rinf,dist_road_km,0.05652271643492745,-0.9346762546762547
LR,Rinf,dist_rail_km,0.007795003888309563,-0.9550487350487351
LR,Rinf,dist_water_km,0.023183484016718367,-0.9427381507381508
LR,Rinf,dist_cbd_km,0.014832388962112461,-0.9496757056757058
LR,Rinf,dist_dryport_km,0.004825227680570987,-0.9549620469620471
LR,Rinf,nightlight,0.011217899041879427,0.44236857455634687
LR,Rinf,forest,0.03028160209655916,0.839850406530059
LR,Rinf,builtup,0.002832993822466924,0.9999865458483846
LR,Rinf,dist_railway_new_km,0.017374357256736472,0.9389609069609071
LR,Rinf,dist_border_CK_km,0.022974500349940245,-0.9244563844563846
