fold,radius,seed,learner,auc,tss,kappa,threshold
TH50,10km,0,RF,0.9766457611508268,0.8355408388520971,0.8355408388520971,0.4817798227377206
TH50,10km,0,XGB,0.9800386435292798,0.8267108167770418,0.826710816777042,0.4729798436164856
TH50,10km,0,LR,0.9733954163803732,0.8178807947019866,0.8178807947019868,0.4970884885479234
TH50,10km,1,RF,0.9755005872062141,0.8289183222958059,0.8289183222958058,0.4996746115303793
TH50,10km,1,XGB,0.9786888001988217,0.8289183222958059,0.8289183222958058,0.35182780027389526
TH50,10km,1,LR,0.9736463800320649,0.8178807947019866,0.8178807947019868,0.4780137833362636
TH50,10km,2024,RF,0.9766713448240575,0.8355408388520971,0.8355408388520971,0.49120291860489707
TH50,10km,2024,XGB,0.9789568196326671,0.8443708609271523,0.8443708609271523,0.37966176867485046
TH50,10km,2024,LR,0.9730701382492971,0.8189845474613686,0.8189845474613686,0.38137891536492774
TH50,10km,42,RF,0.9755578459034449,0.8333333333333335,0.8333333333333334,0.5032179255647671
TH50,10km,42,XGB,0.9779846400499004,0.8311258278145695,0.8311258278145696,0.3517014980316162
TH50,10km,42,LR,0.9738632321194489,0.82560706401766,0.82560706401766,0.45816073756396497
TH50,10km,7,RF,0.9774973319883632,0.8355408388520971,0.8355408388520971,0.5008666045095418
TH50,10km,7,XGB,0.9784000701723609,0.82560706401766,0.82560706401766,0.32704898715019226
TH50,10km,7,LR,0.9735026241539113,0.816777041942605,0.8167770419426048,0.5211640879375109
TH50,1km,0,RF,0.9343851877841615,0.8013245033112582,0.8013245033112583,0.5139794786210657
TH50,1km,0,XGB,0.9529906095736541,0.7637969094922736,0.7637969094922737,0.4542677402496338
TH50,1km,0,LR,0.9308692601201702,0.7317880794701987,0.7317880794701987,0.6293079490356152
TH50,1km,1,RF,0.9218857360057308,0.8013245033112582,0.8013245033112583,0.49795032490034
TH50,1km,1,XGB,0.9409699379656837,0.7858719646799117,0.7858719646799117,0.5540836453437805
TH50,1km,1,LR,0.9237825826352644,0.7218543046357615,0.7218543046357616,0.6093293526532395
TH50,1km,2024,RF,0.9330670194777033,0.7902869757174393,0.7902869757174393,0.5654473580730538
TH50,1km,2024,XGB,0.9434734831318314,0.7450331125827814,0.7450331125827814,0.5044653415679932
TH50,1km,2024,LR,0.9270243995146411,0.6942604856512142,0.6942604856512141,0.5641825996666764
TH50,1km,42,RF,0.9357764522998504,0.7913907284768211,0.7913907284768211,0.5316841799421244
TH50,1km,42,XGB,0.9528773104493466,0.7814569536423841,0.7814569536423841,0.5254899263381958
TH50,1km,42,LR,0.9214483770205011,0.704194260485651,0.7041942604856513,0.654665888707727
TH50,1km,7,RF,0.9206284812069646,0.795805739514349,0.7958057395143487,0.5389035400387329
TH50,1km,7,XGB,0.9432809964475243,0.7626931567328918,0.7626931567328918,0.4714294373989105
TH50,1km,7,LR,0.9205261465140419,0.6997792494481234,0.6997792494481236,0.6168697136896196
TH50,20km,0,RF,0.9781564161415922,0.8289183222958059,0.8289183222958058,0.5415320370682568
TH50,20km,0,XGB,0.9799095068929725,0.8278145695364238,0.8278145695364238,0.38738948106765747
TH50,20km,0,LR,0.9736695271649879,0.8289183222958059,0.8289183222958058,0.4893894911440916
TH50,20km,1,RF,0.9774997685286708,0.8322295805739515,0.8322295805739515,0.5279104504226398
TH50,20km,1,XGB,0.9783452480154379,0.8178807947019866,0.8178807947019868,0.3909045457839966
TH50,20km,1,LR,0.9736134867379111,0.8267108167770418,0.826710816777042,0.5369454130715002
TH50,20km,2024,RF,0.9783793595797455,0.8322295805739515,0.8322295805739515,0.480250821599642
TH50,20km,2024,XGB,0.9791249409138975,0.8311258278145695,0.8311258278145696,0.4534474313259125
TH50,20km,2024,LR,0.9733722692474501,0.8233995584988962,0.8233995584988962,0.49150116200430327
TH50,20km,42,RF,0.9770898206219025,0.8311258278145695,0.8311258278145696,0.5464028945265132
TH50,20km,42,XGB,0.9777604783415931,0.8289183222958059,0.8289183222958058,0.3212210237979889
TH50,20km,42,LR,0.9740362264812946,0.8267108167770418,0.826710816777042,0.5032525018101952
TH50,20km,7,RF,0.9775046416092862,0.8355408388520971,0.8355408388520971,0.46434726752395405
TH50,20km,7,XGB,0.978739967545283,0.8278145695364238,0.8278145695364238,0.4060433804988861
TH50,20km,7,LR,0.973855922498526,0.8289183222958056,0.8289183222958058,0.546673854036906
TH50,25km,0,RF,0.9780211881545157,0.8300220750551877,0.8300220750551877,0.5842185388635072
TH50,25km,0,XGB,0.979961892509588,0.8233995584988962,0.8233995584988962,0.33456745743751526
TH50,25km,0,LR,0.9737280041323723,0.8333333333333335,0.8333333333333334,0.5009696226408789
TH50,25km,1,RF,0.9771269778615946,0.8311258278145695,0.8311258278145696,0.5159176286827546
TH50,25km,1,XGB,0.977823828389593,0.815673289183223,0.815673289183223,0.43325093388557434
TH50,25km,1,LR,0.9734624212388344,0.8267108167770418,0.826710816777042,0.5228500698312568
TH50,25km,2024,RF,0.978297735479438,0.8311258278145695,0.8311258278145696,0.455637810258518
TH50,25km,2024,XGB,0.9792833160338971,0.8300220750551874,0.8300220750551877,0.41545936465263367
TH50,25km,2024,LR,0.9734270914043731,0.8245033112582782,0.8245033112582781,0.5072956877783857
TH50,25km,42,RF,0.9773024087637481,0.8322295805739515,0.8322295805739515,0.553908293636853
TH50,25km,42,XGB,0.9775143877705169,0.8233995584988962,0.8233995584988962,0.36039119958877563
TH50,25km,42,LR,0.9739424196794488,0.8322295805739515,0.8322295805739515,0.5179391445881215
TH50,25km,7,RF,0.9776873821323626,0.8344370860927153,0.8344370860927153,0.46067252499822153
TH50,25km,7,XGB,0.9779828126446695,0.8222958057395142,0.8222958057395143,0.2529778778553009
TH50,25km,7,LR,0.9737962272609877,0.8300220750551877,0.8300220750551877,0.5405471948846284
TH50,5km,0,RF,0.973240696070835,0.8322295805739515,0.8322295805739515,0.5233249533360091
TH50,5km,0,XGB,0.9792248390665127,0.8289183222958059,0.8289183222958058,0.5061255693435669
TH50,5km,0,LR,0.9723927800437602,0.8068432671081678,0.8068432671081678,0.5509552610615193
TH50,5km,1,RF,0.9722270953028377,0.8300220750551877,0.8300220750551877,0.5226297248289407
TH50,5km,1,XGB,0.9763862696080581,0.82560706401766,0.82560706401766,0.442677766084671
TH50,5km,1,LR,0.9715509553674546,0.7991169977924946,0.7991169977924945,0.5471178196744356
TH50,5km,2024,RF,0.9705397911397649,0.8333333333333333,0.8333333333333334,0.45417215616138634
TH50,5km,2024,XGB,0.9705702478936108,0.8267108167770418,0.826710816777042,0.5075011849403381
TH50,5km,2024,LR,0.9717751170757618,0.8013245033112582,0.8013245033112583,0.5370185764476215
TH50,5km,42,RF,0.9716532900603776,0.8311258278145695,0.8311258278145696,0.5156103028090413
TH50,5km,42,XGB,0.975081502273292,0.8300220750551877,0.8300220750551877,0.46884477138519287
TH50,5km,42,LR,0.9722953184314528,0.7991169977924946,0.7991169977924945,0.4576118310793237
TH50,5km,7,RF,0.9717690257249925,0.8366445916114791,0.8366445916114791,0.5272036572105061
TH50,5km,7,XGB,0.9737133848905262,0.8278145695364238,0.8278145695364238,0.39085853099823
TH50,5km,7,LR,0.9709893328265331,0.7969094922737308,0.7969094922737306,0.43934863374250627
TH50,Rinf,0,RF,0.978297735479438,0.8278145695364238,0.8278145695364238,0.5179954429455741
TH50,Rinf,0,XGB,0.9799277809452803,0.8278145695364238,0.8278145695364238,0.3272593915462494
TH50,Rinf,0,LR,0.9736366338708342,0.8333333333333335,0.8333333333333334,0.5147978959634031
TH50,Rinf,1,RF,0.9777044379145163,0.8300220750551877,0.8300220750551877,0.5478659251922461
TH50,Rinf,1,XGB,0.9784427096277453,0.8211920529801326,0.8211920529801324,0.33829909563064575
TH50,Rinf,1,LR,0.9735416087988344,0.8233995584988962,0.8233995584988962,0.5146827608002348
TH50,Rinf,2024,RF,0.9783415932049765,0.8322295805739515,0.8322295805739515,0.43770078423522346
TH50,Rinf,2024,XGB,0.9784926587040529,0.8366445916114791,0.8366445916114791,0.46273887157440186
TH50,Rinf,2024,LR,0.9732138941274506,0.8233995584988962,0.8233995584988962,0.5199960860048787
TH50,Rinf,42,RF,0.9770209883582104,0.8278145695364238,0.8278145695364238,0.5232840800925496
TH50,Rinf,42,XGB,0.9772536779575944,0.815673289183223,0.815673289183223,0.32511022686958313
TH50,Rinf,42,LR,0.9736256694394495,0.8278145695364238,0.8278145695364238,0.5368800036564714
TH50,Rinf,7,RF,0.9774546925329786,0.8344370860927153,0.8344370860927153,0.5070984335989895
TH50,Rinf,7,XGB,0.9778664678449775,0.8222958057395142,0.8222958057395143,0.40697282552719116
TH50,Rinf,7,LR,0.973707293539757,0.8300220750551877,0.8300220750551877,0.5818598020124415
TH51,10km,0,RF,0.9743975903614458,0.822289156626506,0.822289156626506,0.5281546561825483
TH51,10km,0,XGB,0.976466105385397,0.7740963855421685,0.7740963855421686,0.3739495277404785
TH51,10km,0,LR,0.9724651618522282,0.7951807228915664,0.7951807228915663,0.4927243713495458
TH51,10km,1,RF,0.9757584555087822,0.8072289156626504,0.8072289156626506,0.47452240649815974
TH51,10km,1,XGB,0.9739439686456669,0.8132530120481927,0.8132530120481928,0.44541075825691223
TH51,10km,1,LR,0.9720296850050805,0.7590361445783134,0.7590361445783133,0.460171401425768
TH51,10km,2024,RF,0.9715579184206705,0.8072289156626506,0.8072289156626506,0.5426611437079439
TH51,10km,2024,XGB,0.9689541297721004,0.8072289156626506,0.8072289156626506,0.4995957314968109
TH51,10km,2024,LR,0.9714944113804616,0.7981927710843375,0.7981927710843373,0.5207805096886176
TH51,10km,42,RF,0.9762030047902452,0.8042168674698795,0.8042168674698795,0.4576148486675006
TH51,10km,42,XGB,0.9754137030047902,0.8072289156626504,0.8072289156626506,0.4731312096118927
TH51,10km,42,LR,0.9723744375090725,0.7921686746987953,0.7921686746987951,0.48972986653487033
TH51,10km,7,RF,0.9738260269995646,0.8192771084337349,0.8192771084337349,0.5066819590053058
TH51,10km,7,XGB,0.9746244012193351,0.822289156626506,0.822289156626506,0.4566447138786316
TH51,10km,7,LR,0.9714036870373058,0.7620481927710845,0.7620481927710844,0.4612054789336008
TH51,1km,0,RF,0.9191555378139062,0.7831325301204819,0.7831325301204819,0.47987674535220165
TH51,1km,0,XGB,0.927647336333285,0.7590361445783134,0.7590361445783133,0.4783996641635895
TH51,1km,0,LR,0.9246534330091449,0.7018072289156625,0.7018072289156627,0.5874719041336436
TH51,1km,1,RF,0.8881459573232691,0.7831325301204819,0.7831325301204819,0.4445916376783995
TH51,1km,1,XGB,0.9194004935404267,0.7228915662650603,0.7228915662650602,0.4309540390968323
TH51,1km,1,LR,0.9228026564087676,0.6987951807228916,0.6987951807228916,0.6471727493684608
TH51,1km,2024,RF,0.8960843373493976,0.7590361445783134,0.7590361445783133,0.4790190184213709
TH51,1km,2024,XGB,0.9148098417767455,0.7379518072289155,0.7379518072289157,0.4853544533252716
TH51,1km,2024,LR,0.9161525620554507,0.6596385542168675,0.6596385542168675,0.5959908338413475
TH51,1km,42,RF,0.9123239947742777,0.7710843373493976,0.7710843373493976,0.4668015316218847
TH51,1km,42,XGB,0.9238187690521121,0.7048192771084336,0.7048192771084337,0.4404654800891876
TH51,1km,42,LR,0.9139116707795035,0.7168674698795181,0.7168674698795181,0.7178707452962341
TH51,1km,7,RF,0.9154993467847292,0.7680722891566265,0.7680722891566265,0.4816780974674351
TH51,1km,7,XGB,0.9331180142255769,0.7530120481927711,0.7530120481927711,0.49675822257995605
TH51,1km,7,LR,0.9195728697924227,0.7198795180722892,0.7198795180722892,0.6470879016068367
TH51,20km,0,RF,0.9752231818841631,0.7891566265060241,0.7891566265060241,0.47937839431776647
TH51,20km,0,XGB,0.9746244012193351,0.7801204819277108,0.7801204819277109,0.4534061551094055
TH51,20km,0,LR,0.971721222238351,0.7560240963855422,0.7560240963855421,0.48129015414166537
TH51,20km,1,RF,0.976402598345188,0.7891566265060241,0.7891566265060241,0.4915991020399138
TH51,20km,1,XGB,0.9756495862969952,0.8102409638554215,0.8102409638554217,0.4901265501976013
TH51,20km,1,LR,0.9717938017128757,0.7740963855421685,0.7740963855421686,0.5169686754455967
TH51,20km,2024,RF,0.9747877050370156,0.7921686746987953,0.7921686746987951,0.47307774406977415
TH51,20km,2024,XGB,0.9734177674553636,0.7921686746987953,0.7921686746987951,0.4046896696090698
TH51,20km,2024,LR,0.9720115401364494,0.7620481927710845,0.7620481927710844,0.5203107580868347
TH51,20km,42,RF,0.9758582522862534,0.7921686746987953,0.7921686746987951,0.4747804933289255
TH51,20km,42,XGB,0.9745790390477573,0.822289156626506,0.822289156626506,0.5302594900131226
TH51,20km,42,LR,0.9717756568442445,0.7620481927710845,0.7620481927710844,0.533099536593769
TH51,20km,7,RF,0.9734631296269415,0.7831325301204819,0.7831325301204819,0.48814095106430866
TH51,20km,7,XGB,0.9717575119756132,0.786144578313253,0.786144578313253,0.48785147070884705
TH51,20km,7,LR,0.9705327333430105,0.7469879518072289,0.7469879518072289,0.5519074532689469
TH51,25km,0,RF,0.9761848599216142,0.7921686746987953,0.7921686746987951,0.4819917453333465
TH51,25km,0,XGB,0.9753411235302656,0.7891566265060241,0.7891566265060241,0.5075598955154419
TH51,25km,0,LR,0.9715942081579328,0.7620481927710845,0.7620481927710844,0.5247902527888796
TH51,25km,1,RF,0.9767382784148643,0.822289156626506,0.822289156626506,0.5423808609724332
TH51,25km,1,XGB,0.9753864857018436,0.786144578313253,0.786144578313253,0.4135468006134033
TH51,25km,1,LR,0.9718300914501379,0.7921686746987953,0.7921686746987951,0.578949205028204
TH51,25km,2024,RF,0.9738895340397736,0.7981927710843373,0.7981927710843373,0.49115673080544275
TH51,25km,2024,XGB,0.9715760632893017,0.7740963855421685,0.7740963855421686,0.37683528661727905
TH51,25km,2024,LR,0.9718845260560313,0.75,0.75,0.5272744491221865
TH51,25km,42,RF,0.9762755842647699,0.7650602409638554,0.7650602409638554,0.4106416030867241
TH51,25km,42,XGB,0.9755134997822615,0.7981927710843375,0.7981927710843373,0.4414246082305908
TH51,25km,42,LR,0.971893598490347,0.7560240963855422,0.7560240963855421,0.5336877452497575
TH51,25km,7,RF,0.9743068660182901,0.7530120481927711,0.7530120481927711,0.456315349669874
TH51,25km,7,XGB,0.9760850631441428,0.7891566265060241,0.7891566265060241,0.543908417224884
TH51,25km,7,LR,0.9707686166352155,0.7319277108433735,0.7319277108433735,0.5126349517180327
TH51,5km,0,RF,0.974370373058499,0.8403614457831323,0.8403614457831325,0.4719374091906062
TH51,5km,0,XGB,0.9734722020612571,0.8012048192771086,0.8012048192771084,0.4836542010307312
TH51,5km,0,LR,0.9717665844099289,0.7951807228915664,0.7951807228915663,0.45414467460743246
TH51,5km,1,RF,0.97580381768036,0.8493975903614457,0.8493975903614458,0.530532790661978
TH51,5km,1,XGB,0.976720133546233,0.8192771084337349,0.8192771084337349,0.5303215384483337
TH51,5km,1,LR,0.971013572361736,0.7981927710843373,0.7981927710843373,0.49129146745198027
TH51,5km,2024,RF,0.9726647554071709,0.7921686746987953,0.7921686746987951,0.4806746179669786
TH51,5km,2024,XGB,0.9696799245173464,0.7981927710843375,0.7981927710843373,0.4309687316417694
TH51,5km,2024,LR,0.9694531136594572,0.7921686746987953,0.7921686746987951,0.5036555309566776
TH51,5km,42,RF,0.9722020612570764,0.8072289156626506,0.8072289156626506,0.5281988423323639
TH51,5km,42,XGB,0.9717302946726665,0.7951807228915664,0.7951807228915663,0.49245166778564453
TH51,5km,42,LR,0.97123131078531,0.7891566265060241,0.7891566265060241,0.49763256249485865
TH51,5km,7,RF,0.9739258237770358,0.8012048192771084,0.8012048192771084,0.5360694225603707
TH51,5km,7,XGB,0.9718663811874002,0.7921686746987953,0.7921686746987951,0.4743710160255432
TH51,5km,7,LR,0.9689087676005225,0.7831325301204819,0.7831325301204819,0.4732591282429509
TH51,Rinf,0,RF,0.976466105385397,0.786144578313253,0.786144578313253,0.47502691792588303
TH51,Rinf,0,XGB,0.9768471476266513,0.7740963855421688,0.7740963855421686,0.3842395842075348
TH51,Rinf,0,LR,0.9716395703295109,0.7740963855421688,0.7740963855421686,0.5474510768159108
TH51,Rinf,1,RF,0.9755497895195239,0.7710843373493974,0.7710843373493976,0.46128961264445634
TH51,Rinf,1,XGB,0.9721657715198142,0.7951807228915664,0.7951807228915663,0.406588613986969
TH51,Rinf,1,LR,0.9722111336913921,0.7680722891566265,0.7680722891566265,0.5253406082496634
TH51,Rinf,2024,RF,0.9723562926404413,0.7921686746987953,0.7921686746987951,0.5388456332015604
TH51,Rinf,2024,XGB,0.9729097111336914,0.786144578313253,0.786144578313253,0.45344242453575134
TH51,Rinf,2024,LR,0.9714399767745682,0.7530120481927711,0.7530120481927711,0.5506495544527316
TH51,Rinf,42,RF,0.9767292059805488,0.7680722891566265,0.7680722891566265,0.4268165751902999
TH51,Rinf,42,XGB,0.9767654957178109,0.7921686746987953,0.7921686746987951,0.4461507201194763
TH51,Rinf,42,LR,0.9715397735520395,0.7439759036144578,0.7439759036144578,0.5263631643090946
TH51,Rinf,7,RF,0.9738895340397735,0.7319277108433735,0.7319277108433735,0.4043202043839708
TH51,Rinf,7,XGB,0.974070982726085,0.7379518072289155,0.7379518072289157,0.42553189396858215
TH51,Rinf,7,LR,0.9709137755842647,0.7289156626506024,0.7289156626506024,0.4808996573650231
TH52,10km,0,RF,0.9664329023303383,0.767094017094017,0.767094017094017,0.47561019963670054
TH52,10km,0,XGB,0.9644468186134852,0.7585470085470085,0.7585470085470085,0.5162436962127686
TH52,10km,0,LR,0.956315289648623,0.732905982905983,0.732905982905983,0.4955851956070581
TH52,10km,1,RF,0.9692088538242386,0.7863247863247862,0.7863247863247863,0.4833600456634315
TH52,10km,1,XGB,0.9675651983344291,0.7884615384615383,0.7884615384615384,0.32687026262283325
TH52,10km,1,LR,0.9570412374899554,0.7585470085470085,0.7585470085470085,0.4835845954447458
TH52,10km,2024,RF,0.9692271166630141,0.7735042735042734,0.7735042735042735,0.4724139383079027
TH52,10km,2024,XGB,0.9655151946818613,0.7735042735042734,0.7735042735042735,0.4517957866191864
TH52,10km,2024,LR,0.9575891226532253,0.7371794871794872,0.7371794871794872,0.4929832657560012
TH52,10km,42,RF,0.967250164365549,0.7628205128205128,0.7628205128205128,0.4611145194621031
TH52,10km,42,XGB,0.9673277814303456,0.7820512820512819,0.782051282051282,0.44472503662109375
TH52,10km,42,LR,0.9562970268098474,0.7478632478632479,0.7478632478632479,0.48313573420651873
TH52,10km,7,RF,0.9693686536635255,0.7649572649572649,0.7649572649572649,0.4372089425112483
TH52,10km,7,XGB,0.9668849075900358,0.7777777777777777,0.7777777777777778,0.482035756111145
TH52,10km,7,LR,0.9560824384542334,0.7286324786324787,0.7286324786324787,0.48425592067853024
TH52,1km,0,RF,0.8702288333698591,0.6217948717948718,0.6217948717948718,0.4658270314673355
TH52,1km,0,XGB,0.8945458031996494,0.6303418803418803,0.6303418803418803,0.4987444281578064
TH52,1km,0,LR,0.8438527284681131,0.5662393162393162,0.5662393162393162,0.6649922461502148
TH52,1km,1,RF,0.9092565198334428,0.6965811965811965,0.6965811965811965,0.4687064128609085
TH52,1km,1,XGB,0.9046497187522828,0.6688034188034186,0.6688034188034189,0.5113809108734131
TH52,1km,1,LR,0.8726030024106947,0.6260683760683761,0.6260683760683761,0.64240745837931
TH52,1km,2024,RF,0.9037411425231938,0.6559829059829059,0.655982905982906,0.48565369535233527
TH52,1km,2024,XGB,0.9094437139308934,0.6431623931623931,0.6431623931623931,0.5006352663040161
TH52,1km,2024,LR,0.8685212579443349,0.6068376068376069,0.6068376068376069,0.6506870523965425
TH52,1km,42,RF,0.9047775586237126,0.700854700854701,0.7008547008547008,0.5602306024448572
TH52,1km,42,XGB,0.9112791292278472,0.670940170940171,0.670940170940171,0.45583200454711914
TH52,1km,42,LR,0.8636998685075608,0.6196581196581197,0.6196581196581197,0.6704288960410953
TH52,1km,7,RF,0.8988421360216232,0.7136752136752138,0.7136752136752137,0.5350181036633862
TH52,1km,7,XGB,0.9276745927386953,0.6901709401709402,0.6901709401709402,0.550882875919342
TH52,1km,7,LR,0.8623301555993863,0.6303418803418803,0.6303418803418803,0.6886245289818236
TH52,20km,0,RF,0.9674373584629995,0.7606837606837606,0.7606837606837606,0.5582286240332206
TH52,20km,0,XGB,0.9609083936007012,0.7884615384615383,0.7884615384615384,0.37591055035591125
TH52,20km,0,LR,0.9596071663379355,0.7564102564102564,0.7564102564102564,0.5562611526638049
TH52,20km,1,RF,0.969071882533421,0.799145299145299,0.7991452991452992,0.42434111358154913
TH52,20km,1,XGB,0.965533457520637,0.7841880341880341,0.7841880341880342,0.3437458276748657
TH52,20km,1,LR,0.9601322229527357,0.7735042735042734,0.7735042735042735,0.5353982963251582
TH52,20km,2024,RF,0.9679532836584118,0.7756410256410255,0.7756410256410257,0.488719977235717
TH52,20km,2024,XGB,0.9652458178099205,0.7863247863247864,0.7863247863247863,0.40256455540657043
TH52,20km,2024,LR,0.9607714223098839,0.7799145299145298,0.7799145299145299,0.4920436471839337
TH52,20km,42,RF,0.9675012783987144,0.767094017094017,0.767094017094017,0.5128670926092995
TH52,20km,42,XGB,0.9678665351742275,0.8055555555555556,0.8055555555555556,0.358323335647583
TH52,20km,42,LR,0.9590044926583389,0.7735042735042734,0.7735042735042735,0.46858115598996997
TH52,20km,7,RF,0.9702407042150633,0.7606837606837606,0.7606837606837606,0.5354361107072649
TH52,20km,7,XGB,0.9689029512747461,0.7970085470085468,0.7970085470085471,0.3841448426246643
TH52,20km,7,LR,0.9591368982394622,0.7585470085470085,0.7585470085470085,0.5217243473305115
TH52,25km,0,RF,0.9677341295931039,0.7585470085470085,0.7585470085470085,0.580900802362706
TH52,25km,0,XGB,0.9641546131930748,0.799145299145299,0.7991452991452992,0.37303200364112854
TH52,25km,0,LR,0.9601413543721237,0.7863247863247862,0.7863247863247863,0.4750840508493968
TH52,25km,1,RF,0.968428117466579,0.8034188034188032,0.8034188034188035,0.4540573550595231
TH52,25km,1,XGB,0.9648851267441011,0.7948717948717947,0.7948717948717949,0.3393649756908417
TH52,25km,1,LR,0.9610134049236614,0.7777777777777777,0.7777777777777778,0.5570961155900387
TH52,25km,2024,RF,0.9673140843012638,0.7841880341880341,0.7841880341880342,0.4848599160659194
TH52,25km,2024,XGB,0.9646431441303237,0.7735042735042734,0.7735042735042735,0.34779271483421326
TH52,25km,2024,LR,0.9610727591496824,0.7841880341880341,0.7841880341880342,0.49767545430211096
TH52,25km,42,RF,0.9672821243334063,0.7756410256410255,0.7756410256410257,0.49440422175834664
TH52,25km,42,XGB,0.9689896997589305,0.811965811965812,0.811965811965812,0.3751358687877655
TH52,25km,42,LR,0.9591962524654832,0.7777777777777777,0.7777777777777778,0.4795022275026645
TH52,25km,7,RF,0.970304624150778,0.7713675213675213,0.7713675213675214,0.5111059284277671
TH52,25km,7,XGB,0.9683596318211702,0.8012820512820513,0.8012820512820513,0.36962705850601196
TH52,25km,7,LR,0.9601641829205932,0.7863247863247862,0.7863247863247863,0.48478478166440336
TH52,5km,0,RF,0.9631547227701074,0.7457264957264957,0.7457264957264957,0.5213383659913963
TH52,5km,0,XGB,0.961460844473665,0.7606837606837606,0.7606837606837606,0.4253794252872467
TH52,5km,0,LR,0.9471701731317116,0.6987179487179487,0.6987179487179487,0.5082536067126654
TH52,5km,1,RF,0.9661498283293155,0.7713675213675213,0.7713675213675214,0.524369736286286
TH52,5km,1,XGB,0.9656978230696178,0.7628205128205128,0.7628205128205128,0.4501543343067169
TH52,5km,1,LR,0.9501424501424502,0.7051282051282053,0.7051282051282051,0.5381996871228282
TH52,5km,2024,RF,0.9683231061436189,0.7542735042735043,0.7542735042735043,0.5067451107138767
TH52,5km,2024,XGB,0.9660219884578859,0.7756410256410255,0.7756410256410257,0.44266659021377563
TH52,5km,2024,LR,0.9487955657827453,0.6858974358974359,0.6858974358974359,0.5547605338894025
TH52,5km,42,RF,0.9655562860691066,0.75,0.75,0.5064199803120569
TH52,5km,42,XGB,0.9631364599313317,0.7542735042735043,0.7542735042735043,0.4754578769207001
TH52,5km,42,LR,0.9485855431368252,0.7094017094017095,0.7094017094017093,0.5046048683202662
TH52,5km,7,RF,0.9659945941997223,0.7628205128205128,0.7628205128205128,0.4763301443823164
TH52,5km,7,XGB,0.9636523851267441,0.7457264957264957,0.7457264957264957,0.50841224193573
TH52,5km,7,LR,0.9494347651398933,0.7136752136752138,0.7136752136752137,0.47298786274516663
TH52,Rinf,0,RF,0.9675788954635108,0.7735042735042734,0.7735042735042735,0.583296464492591
TH52,Rinf,0,XGB,0.964519869968588,0.7970085470085471,0.7970085470085471,0.48321932554244995
TH52,Rinf,0,LR,0.9603924684052889,0.7927350427350426,0.7927350427350427,0.49613628062631626
TH52,Rinf,1,RF,0.968154174884944,0.8055555555555554,0.8055555555555556,0.4582647223889148
TH52,Rinf,1,XGB,0.9664785594272775,0.7884615384615385,0.7884615384615384,0.33239811658859253
TH52,Rinf,1,LR,0.9609586164073343,0.7777777777777777,0.7777777777777778,0.5437895465013199
TH52,Rinf,2024,RF,0.9676656439476953,0.7820512820512822,0.782051282051282,0.49377036747885955
TH52,Rinf,2024,XGB,0.967085798816568,0.7799145299145298,0.7799145299145299,0.3959476053714752
TH52,Rinf,2024,LR,0.9616571699905034,0.7713675213675213,0.7713675213675214,0.42147930742957906
TH52,Rinf,42,RF,0.9682500547885163,0.7756410256410255,0.7756410256410257,0.5333184904827656
TH52,Rinf,42,XGB,0.9664602965885017,0.7991452991452992,0.7991452991452992,0.3056744337081909
TH52,Rinf,42,LR,0.9599906859522244,0.7777777777777777,0.7777777777777778,0.5021283807756627
TH52,Rinf,7,RF,0.969720213309957,0.7777777777777777,0.7777777777777778,0.5264142926668449
TH52,Rinf,7,XGB,0.9692499452114836,0.7991452991452992,0.7991452991452992,0.40950071811676025
TH52,Rinf,7,LR,0.960438125502228,0.7777777777777777,0.7777777777777778,0.5223675451652585
TH53,10km,0,RF,0.9653473923912774,0.8059701492537314,0.8059701492537313,0.4682362442642458
TH53,10km,0,XGB,0.9637385213237296,0.8059701492537314,0.8059701492537313,0.3919646143913269
TH53,10km,0,LR,0.9642583104378604,0.7761194029850746,0.7761194029850746,0.48523545626182757
TH53,10km,1,RF,0.9658424296428306,0.8009950248756219,0.8009950248756219,0.5059917480959746
TH53,10km,1,XGB,0.9635405064231083,0.7562189054726369,0.7562189054726368,0.5270952582359314
TH53,10km,1,LR,0.9653473923912774,0.7412935323383083,0.7412935323383085,0.4825451804372395
TH53,10km,2024,RF,0.9642830623004381,0.7860696517412935,0.7860696517412935,0.4704657714417091
TH53,10km,2024,XGB,0.9567089923516744,0.7263681592039801,0.7263681592039801,0.5023089647293091
TH53,10km,2024,LR,0.965817677780253,0.7960199004975124,0.7960199004975125,0.4455441791367074
TH53,10km,42,RF,0.9641840548501275,0.7810945273631842,0.7810945273631841,0.4448384419889128
TH53,10km,42,XGB,0.9576248112670479,0.7412935323383083,0.7412935323383085,0.5588764548301697
TH53,10km,42,LR,0.9655949110170541,0.7761194029850746,0.7761194029850746,0.46757690349637465
TH53,10km,7,RF,0.9677483230613104,0.8159203980099503,0.8159203980099503,0.48276018796274467
TH53,10km,7,XGB,0.9614861018291627,0.7512437810945274,0.7512437810945274,0.48859015107154846
TH53,10km,7,LR,0.9653226405286998,0.7562189054726369,0.7562189054726368,0.4910240970372562
TH53,1km,0,RF,0.8908937897576793,0.7363184079601992,0.736318407960199,0.5379490730323152
TH53,1km,0,XGB,0.9055963961288086,0.6965174129353233,0.6965174129353233,0.4270409941673279
TH53,1km,0,LR,0.8532957105022153,0.6915422885572138,0.691542288557214,0.6708522400467707
TH53,1km,1,RF,0.9127249325511744,0.7213930348258706,0.7213930348258706,0.503410588111298
TH53,1km,1,XGB,0.918492116531769,0.7213930348258706,0.7213930348258706,0.4870927333831787
TH53,1km,1,LR,0.8758694091730402,0.6865671641791047,0.6865671641791045,0.6745464649449117
TH53,1km,2024,RF,0.9337887676047623,0.7313432835820897,0.7313432835820896,0.5165027187944582
TH53,1km,2024,XGB,0.928442365287988,0.736318407960199,0.736318407960199,0.47517213225364685
TH53,1km,2024,LR,0.8732952154649637,0.6716417910447761,0.6716417910447761,0.6407759228149682
TH53,1km,42,RF,0.9123041508873543,0.7213930348258706,0.7213930348258706,0.5302173721199572
TH53,1km,42,XGB,0.9016608499789609,0.7064676616915424,0.7064676616915423,0.48544982075691223
TH53,1km,42,LR,0.8753991237840648,0.7064676616915424,0.7064676616915423,0.6453945049253841
TH53,1km,7,RF,0.9171802678151532,0.7164179104477613,0.7164179104477613,0.5335176785845752
TH53,1km,7,XGB,0.9288136432266527,0.7263681592039801,0.7263681592039801,0.49508732557296753
TH53,1km,7,LR,0.8726269151753668,0.7014925373134329,0.7014925373134329,0.6641563735283701
TH53,20km,0,RF,0.9655949110170541,0.7960199004975124,0.7960199004975125,0.49598664290424727
TH53,20km,0,XGB,0.9651741293532339,0.7761194029850746,0.7761194029850746,0.3421877324581146
TH53,20km,0,LR,0.9646543402391029,0.7810945273631842,0.7810945273631841,0.456381523184035
TH53,20km,1,RF,0.9650008663151901,0.7711442786069651,0.7711442786069651,0.5052071203753459
TH53,20km,1,XGB,0.968713645701839,0.8009950248756219,0.8009950248756219,0.514898955821991
TH53,20km,1,LR,0.966238459444073,0.7761194029850746,0.7761194029850746,0.5350142237412144
TH53,20km,2024,RF,0.9664612262072722,0.7960199004975124,0.7960199004975125,0.5126814856647579
TH53,20km,2024,XGB,0.9628969579960891,0.7661691542288558,0.7661691542288558,0.543166995048523
TH53,20km,2024,LR,0.9662384594440733,0.8159203980099501,0.8159203980099503,0.5140930692611059
TH53,20km,42,RF,0.9637385213237297,0.7611940298507462,0.7611940298507462,0.4787914238500607
TH53,20km,42,XGB,0.9615851092794733,0.736318407960199,0.736318407960199,0.4702121913433075
TH53,20km,42,LR,0.9666344892453156,0.8159203980099503,0.8159203980099503,0.49314576453584785
TH53,20km,7,RF,0.9655701591544764,0.8009950248756219,0.8009950248756219,0.529348018817848
TH53,20km,7,XGB,0.9673522932600678,0.8059701492537314,0.8059701492537313,0.4239567220211029
TH53,20km,7,LR,0.9666592411078934,0.8059701492537314,0.8059701492537313,0.49867205619193866
TH53,25km,0,RF,0.9640355436746615,0.7860696517412935,0.7860696517412935,0.5135138455836225
TH53,25km,0,XGB,0.9642830623004381,0.791044776119403,0.791044776119403,0.395122766494751
TH53,25km,0,LR,0.9648028514145689,0.7860696517412935,0.7860696517412935,0.47293491002183385
TH53,25km,1,RF,0.9670800227717137,0.791044776119403,0.791044776119403,0.48498074429687993
TH53,25km,1,XGB,0.9679463379619317,0.7910447761194028,0.791044776119403,0.5209721326828003
TH53,25km,1,LR,0.9665602336575827,0.7960199004975124,0.7960199004975125,0.5219944860167888
TH53,25km,2024,RF,0.9644068216133264,0.7810945273631842,0.7810945273631841,0.4730079497689718
TH53,25km,2024,XGB,0.9595554565481053,0.7711442786069651,0.7711442786069651,0.5008394718170166
TH53,25km,2024,LR,0.9662384594440732,0.7960199004975124,0.7960199004975125,0.503326805021052
TH53,25km,42,RF,0.9639117843617733,0.7711442786069651,0.7711442786069651,0.44172237638220285
TH53,25km,42,XGB,0.9607435459518329,0.736318407960199,0.736318407960199,0.4830865263938904
TH53,25km,42,LR,0.9668077522833594,0.7810945273631842,0.7810945273631841,0.5341831486816101
TH53,25km,7,RF,0.9678473305116211,0.8009950248756219,0.8009950248756219,0.5165635405979009
TH53,25km,7,XGB,0.9658424296428307,0.7860696517412935,0.7860696517412935,0.3849703073501587
TH53,25km,7,LR,0.966832504145937,0.8009950248756219,0.8009950248756219,0.4941245898763966
TH53,5km,0,RF,0.9662384594440732,0.7611940298507462,0.7611940298507462,0.5290643886544946
TH53,5km,0,XGB,0.9639612880869286,0.736318407960199,0.736318407960199,0.5506816506385803
TH53,5km,0,LR,0.9624266726071138,0.7263681592039801,0.7263681592039801,0.4459227063780237
TH53,5km,1,RF,0.9646295883765255,0.7810945273631842,0.7810945273631841,0.47098379995754414
TH53,5km,1,XGB,0.9687136457018392,0.7910447761194028,0.791044776119403,0.4067097306251526
TH53,5km,1,LR,0.9618821316304051,0.7014925373134329,0.7014925373134329,0.5683052111496087
TH53,5km,2024,RF,0.9649018588648797,0.7412935323383083,0.7412935323383085,0.5022003350026135
TH53,5km,2024,XGB,0.958639637632732,0.7263681592039801,0.7263681592039801,0.562748908996582
TH53,5km,2024,LR,0.963713769461152,0.6965174129353233,0.6965174129353233,0.5795063519156594
TH53,5km,42,RF,0.9619068834929829,0.7512437810945274,0.7512437810945274,0.5609145729902063
TH53,5km,42,XGB,0.957971337343135,0.7363184079601992,0.736318407960199,0.45899078249931335
TH53,5km,42,LR,0.962550431920002,0.6915422885572138,0.691542288557214,0.6099549585441909
TH53,5km,7,RF,0.9644563253384817,0.7661691542288556,0.7661691542288558,0.4976275013814768
TH53,5km,7,XGB,0.9618326279052498,0.7512437810945274,0.7512437810945274,0.47565963864326477
TH53,5km,7,LR,0.9614118462414296,0.7213930348258706,0.7213930348258706,0.46134099011917856
TH53,Rinf,0,RF,0.964283062300438,0.7711442786069651,0.7711442786069651,0.5011032690599646
TH53,Rinf,0,XGB,0.9636147620108413,0.7810945273631842,0.7810945273631841,0.5052056312561035
TH53,Rinf,0,LR,0.9652731368035445,0.7960199004975124,0.7960199004975125,0.5143017828511011
TH53,Rinf,1,RF,0.966386970619539,0.7711442786069651,0.7711442786069651,0.5180928661822773
TH53,Rinf,1,XGB,0.9668820078710924,0.7910447761194028,0.791044776119403,0.5308411121368408
TH53,Rinf,1,LR,0.9667334966956262,0.791044776119403,0.791044776119403,0.5330621374160655
TH53,Rinf,2024,RF,0.9649266107274572,0.7860696517412935,0.7860696517412935,0.5007204441709522
TH53,Rinf,2024,XGB,0.962401920744536,0.7810945273631842,0.7810945273631841,0.4086556136608124
TH53,Rinf,2024,LR,0.9659414370931413,0.7910447761194028,0.791044776119403,0.5276114144215402
TH53,Rinf,42,RF,0.9651741293532339,0.7761194029850746,0.7761194029850746,0.47426107347859325
TH53,Rinf,42,XGB,0.9598277270364595,0.7462686567164178,0.7462686567164178,0.44435638189315796
TH53,Rinf,42,LR,0.9663374668943838,0.791044776119403,0.791044776119403,0.487960494038426
TH53,Rinf,7,RF,0.9663127150318062,0.7711442786069651,0.7711442786069651,0.44602734102268954
TH53,Rinf,7,XGB,0.9670057671839805,0.7810945273631842,0.7810945273631841,0.3878231942653656
TH53,Rinf,7,LR,0.9668820078710922,0.7960199004975124,0.7960199004975125,0.49565601578071705
TH54,10km,0,RF,0.973607956770303,0.8407079646017699,0.8407079646017699,0.5376026838112927
TH54,10km,0,XGB,0.968830762001723,0.7964601769911503,0.7964601769911505,0.42867162823677063
TH54,10km,0,LR,0.975252564805388,0.831858407079646,0.831858407079646,0.44282080398318646
TH54,10km,1,RF,0.9760357114887619,0.8761061946902653,0.8761061946902655,0.48712469091156857
TH54,10km,1,XGB,0.9754875088104004,0.831858407079646,0.831858407079646,0.5028835535049438
TH54,10km,1,LR,0.9752525648053878,0.8230088495575221,0.8230088495575221,0.4608361200309907
TH54,10km,2024,RF,0.9755658234787375,0.8761061946902655,0.8761061946902655,0.4616701797044166
TH54,10km,2024,XGB,0.9736079567703031,0.7787610619469025,0.7787610619469026,0.44260072708129883
TH54,10km,2024,LR,0.9754875088104001,0.8230088495575221,0.8230088495575221,0.4789928616618374
TH54,10km,42,RF,0.9766622288354608,0.8672566371681416,0.8672566371681416,0.4784856022973244
TH54,10km,42,XGB,0.9797165009006187,0.8407079646017699,0.8407079646017699,0.4436912536621094
TH54,10km,42,LR,0.9754091941420627,0.7964601769911503,0.7964601769911505,0.4985138877058273
TH54,10km,7,RF,0.9742344741170021,0.8761061946902653,0.8761061946902655,0.5188862390964297
TH54,10km,7,XGB,0.9794815568956066,0.8053097345132743,0.8053097345132744,0.4827394485473633
TH54,10km,7,LR,0.9757224528154123,0.8407079646017699,0.8407079646017699,0.443149294833579
TH54,1km,0,RF,0.940402537395254,0.7964601769911503,0.7964601769911505,0.5006059748070345
TH54,1km,0,XGB,0.9494870389223902,0.8230088495575221,0.8230088495575221,0.45391133427619934
TH54,1km,0,LR,0.9100164460803508,0.8141592920353982,0.8141592920353982,0.6934498376580179
TH54,1km,1,RF,0.9243480303860914,0.8053097345132745,0.8053097345132744,0.5195743230047151
TH54,1km,1,XGB,0.9312397211997807,0.7964601769911503,0.7964601769911505,0.4828164875507355
TH54,1km,1,LR,0.8959198057796225,0.7876106194690267,0.7876106194690266,0.6836439846972748
TH54,1km,2024,RF,0.9091549847286396,0.8230088495575221,0.8230088495575221,0.4820909037699896
TH54,1km,2024,XGB,0.9328843292348658,0.7610619469026547,0.7610619469026548,0.5320072174072266
TH54,1km,2024,LR,0.9035946432766857,0.8141592920353982,0.8141592920353982,0.6573709958064289
TH54,1km,42,RF,0.9299866865063827,0.8141592920353982,0.8141592920353982,0.49725342703388514
TH54,1km,42,XGB,0.9383663560184822,0.8230088495575221,0.8230088495575221,0.4599515199661255
TH54,1km,42,LR,0.8973294698096952,0.7610619469026547,0.7610619469026548,0.6335870714368412
TH54,1km,7,RF,0.9130707181455087,0.8141592920353982,0.8141592920353982,0.4814535125225589
TH54,1km,7,XGB,0.9279505051296107,0.7964601769911503,0.7964601769911505,0.4858282506465912
TH54,1km,7,LR,0.9012452032265643,0.8053097345132743,0.8053097345132744,0.6560258124116441
TH54,20km,0,RF,0.9735296421019657,0.8495575221238938,0.8495575221238938,0.4745982777910957
TH54,20km,0,XGB,0.9734513274336283,0.7876106194690267,0.7876106194690266,0.4517419636249542
TH54,20km,0,LR,0.9749393061320386,0.8230088495575221,0.8230088495575221,0.525033385497964
TH54,20km,1,RF,0.9739212154436525,0.8672566371681416,0.8672566371681416,0.5643182291629443
TH54,20km,1,XGB,0.9783068368705459,0.8761061946902655,0.8761061946902655,0.43057921528816223
TH54,20km,1,LR,0.973216383428616,0.7876106194690264,0.7876106194690266,0.5692001821783115
TH54,20km,2024,RF,0.9739212154436525,0.8495575221238938,0.8495575221238938,0.46267078745934576
TH54,20km,2024,XGB,0.9743911034536769,0.8141592920353982,0.8141592920353982,0.4074838161468506
TH54,20km,2024,LR,0.9744694181220143,0.8495575221238938,0.8495575221238938,0.4854996320208457
TH54,20km,42,RF,0.975252564805388,0.8495575221238938,0.8495575221238938,0.5376880567504031
TH54,20km,42,XGB,0.9775236901871721,0.8407079646017699,0.8407079646017699,0.4163462817668915
TH54,20km,42,LR,0.9736079567703031,0.8053097345132743,0.8053097345132744,0.5185719881490222
TH54,20km,7,RF,0.9704753700368078,0.8407079646017699,0.8407079646017699,0.4948827847268136
TH54,20km,7,XGB,0.9776020048555094,0.8495575221238938,0.8495575221238938,0.39393654465675354
TH54,20km,7,LR,0.9749393061320386,0.8495575221238938,0.8495575221238938,0.4895111659743417
TH54,25km,0,RF,0.9713368313885191,0.8407079646017699,0.8407079646017699,0.4860911443511314
TH54,25km,0,XGB,0.9727464954185919,0.8495575221238938,0.8495575221238938,0.3907138407230377
TH54,25km,0,LR,0.9751742501370506,0.8230088495575223,0.8230088495575221,0.5122016107649705
TH54,25km,1,RF,0.9744694181220142,0.8495575221238938,0.8495575221238938,0.5274442598873741
TH54,25km,1,XGB,0.9776020048555093,0.8672566371681416,0.8672566371681416,0.35781925916671753
TH54,25km,1,LR,0.9730597540919413,0.7876106194690264,0.7876106194690266,0.5721412806683179
TH54,25km,2024,RF,0.9746260474586889,0.8495575221238938,0.8495575221238938,0.46229061565078794
TH54,25km,2024,XGB,0.9747826767953637,0.8053097345132745,0.8053097345132744,0.333772748708725
TH54,25km,2024,LR,0.9741561594486647,0.8495575221238938,0.8495575221238938,0.49751936210523634
TH54,25km,42,RF,0.9749393061320385,0.8407079646017699,0.8407079646017699,0.5134302760235037
TH54,25km,42,XGB,0.9743127887853396,0.8141592920353982,0.8141592920353982,0.4203088581562042
TH54,25km,42,LR,0.9735296421019657,0.8053097345132745,0.8053097345132744,0.5325977646623025
TH54,25km,7,RF,0.9691440206750724,0.8495575221238938,0.8495575221238938,0.4375768542682799
TH54,25km,7,XGB,0.9739212154436526,0.831858407079646,0.831858407079646,0.4804520308971405
TH54,25km,7,LR,0.9740778447803274,0.8495575221238938,0.8495575221238938,0.5212200403447275
TH54,5km,0,RF,0.9736862714386405,0.8407079646017699,0.8407079646017699,0.4687113854585816
TH54,5km,0,XGB,0.9761923408254366,0.831858407079646,0.831858407079646,0.4393066465854645
TH54,5km,0,LR,0.9764272848304487,0.7964601769911503,0.7964601769911505,0.45889470749753347
TH54,5km,1,RF,0.9768188581721357,0.8407079646017699,0.8407079646017699,0.47137685791015804
TH54,5km,1,XGB,0.9787767248805701,0.8407079646017699,0.8407079646017699,0.4384761452674866
TH54,5km,1,LR,0.9761140261570993,0.7699115044247788,0.7699115044247787,0.5000732243590763
TH54,5km,2024,RF,0.9743127887853396,0.8141592920353982,0.8141592920353982,0.5423009291343044
TH54,5km,2024,XGB,0.975252564805388,0.8053097345132743,0.8053097345132744,0.4821467995643616
TH54,5km,2024,LR,0.9760357114887619,0.7168141592920354,0.7168141592920354,0.586858420474794
TH54,5km,42,RF,0.972981439423604,0.8407079646017699,0.8407079646017699,0.5064306215596601
TH54,5km,42,XGB,0.9755658234787375,0.7876106194690267,0.7876106194690266,0.5320141315460205
TH54,5km,42,LR,0.9761923408254367,0.7256637168141593,0.7256637168141593,0.5792727663117462
TH54,5km,7,RF,0.975252564805388,0.8584070796460177,0.8584070796460177,0.48529833078327833
TH54,5km,7,XGB,0.975644138147075,0.7699115044247788,0.7699115044247787,0.47262781858444214
TH54,5km,7,LR,0.976270655493774,0.7168141592920354,0.7168141592920354,0.5685355310873358
TH54,Rinf,0,RF,0.9709452580468322,0.8495575221238938,0.8495575221238938,0.47128889184566025
TH54,Rinf,0,XGB,0.9743127887853394,0.8584070796460177,0.8584070796460177,0.3734745383262634
TH54,Rinf,0,LR,0.9747043621270265,0.8407079646017699,0.8407079646017699,0.5121164900645008
TH54,Rinf,1,RF,0.9747043621270264,0.8407079646017699,0.8407079646017699,0.5118874475369585
TH54,Rinf,1,XGB,0.9799514449056308,0.831858407079646,0.831858407079646,0.5388235449790955
TH54,Rinf,1,LR,0.9728248100869292,0.8407079646017701,0.8407079646017699,0.5077546342200552
TH54,Rinf,2024,RF,0.9743127887853396,0.8407079646017699,0.8407079646017699,0.4674636452528266
TH54,Rinf,2024,XGB,0.9739995301119899,0.831858407079646,0.831858407079646,0.3479636609554291
TH54,Rinf,2024,LR,0.9738429007753152,0.8230088495575221,0.8230088495575221,0.5014968797646527
TH54,Rinf,42,RF,0.9750959354687133,0.8495575221238938,0.8495575221238938,0.4948168630408595
TH54,Rinf,42,XGB,0.975644138147075,0.831858407079646,0.831858407079646,0.4570174217224121
TH54,Rinf,42,LR,0.9729814394236039,0.8053097345132743,0.8053097345132744,0.456066672274124
TH54,Rinf,7,RF,0.9666379512882763,0.8495575221238938,0.8495575221238938,0.45966940710863463
TH54,Rinf,7,XGB,0.9755658234787375,0.831858407079646,0.831858407079646,0.41186168789863586
TH54,Rinf,7,LR,0.9738429007753153,0.8407079646017701,0.8407079646017699,0.5447459499543765
TH55,10km,0,RF,0.9899605929817976,0.7671232876712328,0.7671232876712328,0.5702361671216031
TH55,10km,0,XGB,0.9897260273972603,0.8287671232876712,0.8287671232876712,0.5261889696121216
TH55,10km,0,LR,0.9834865828485644,0.7671232876712328,0.7671232876712328,0.5258176301721299
TH55,10km,1,RF,0.9886001125914805,0.821917808219178,0.821917808219178,0.4579796778623976
TH55,10km,1,XGB,0.9914148996059298,0.8150684931506849,0.815068493150685,0.5010335445404053
TH55,10km,1,LR,0.9826890598611373,0.8287671232876712,0.8287671232876712,0.47610201630386656
TH55,10km,2024,RF,0.988365547006943,0.8013698630136985,0.8013698630136986,0.5297177504877503
TH55,10km,2024,XGB,0.9898198536310752,0.8356164383561644,0.8356164383561644,0.5173870325088501
TH55,10km,2024,LR,0.9841433664852692,0.8698630136986301,0.8698630136986302,0.4317569608644074
TH55,10km,42,RF,0.9890692437605554,0.7808219178082192,0.7808219178082192,0.51576772580824
TH55,10km,42,XGB,0.9869112403828111,0.8561643835616439,0.8561643835616438,0.3899281322956085
TH55,10km,42,LR,0.9843310189528991,0.8287671232876712,0.8287671232876712,0.4552144619822427
TH55,10km,7,RF,0.9879433289547757,0.8356164383561644,0.8356164383561644,0.5071147078697683
TH55,10km,7,XGB,0.9854100206417714,0.8424657534246576,0.8424657534246576,0.45502516627311707
TH55,10km,7,LR,0.9839557140176393,0.8150684931506849,0.815068493150685,0.4614072280670809
TH55,1km,0,RF,0.8636704822668417,0.7397260273972601,0.7397260273972603,0.4896449576274173
TH55,1km,0,XGB,0.9021861512478889,0.6986301369863015,0.6986301369863014,0.5442054867744446
TH55,1km,0,LR,0.8951960968286733,0.6643835616438356,0.6643835616438356,0.6654574841897923
TH55,1km,1,RF,0.8765246762994934,0.7397260273972603,0.7397260273972603,0.5127277631575925
TH55,1km,1,XGB,0.921936573465941,0.7534246575342465,0.7534246575342466,0.4962376654148102
TH55,1km,1,LR,0.9130699943704259,0.6780821917808217,0.678082191780822,0.6734969363273785
TH55,1km,2024,RF,0.8723963220116344,0.7123287671232876,0.7123287671232876,0.5273900897932111
TH55,1km,2024,XGB,0.9010133233252018,0.7260273972602738,0.726027397260274,0.45192381739616394
TH55,1km,2024,LR,0.892662788515669,0.6712328767123288,0.6712328767123288,0.6666306703281898
TH55,1km,42,RF,0.8748358040908238,0.7328767123287672,0.7328767123287672,0.5494975811069159
TH55,1km,42,XGB,0.9240007506098705,0.7671232876712328,0.7671232876712328,0.5136643648147583
TH55,1km,42,LR,0.9186995683993244,0.6369863013698631,0.636986301369863,0.6719247527945544
TH55,1km,7,RF,0.8795271157815725,0.7465753424657535,0.7465753424657534,0.4855298693661935
TH55,1km,7,XGB,0.911334209044849,0.6986301369863015,0.6986301369863014,0.41612064838409424
TH55,1km,7,LR,0.9033589791705761,0.6575342465753424,0.6575342465753424,0.676220024285681
TH55,20km,0,RF,0.9891161568774629,0.8561643835616439,0.8561643835616438,0.45121736196209894
TH55,20km,0,XGB,0.9901951585663351,0.8972602739726026,0.8972602739726028,0.31799596548080444
TH55,20km,0,LR,0.9861137173953837,0.8767123287671232,0.8767123287671232,0.4720339364932942
TH55,20km,1,RF,0.9903828110339651,0.8287671232876712,0.8287671232876712,0.5136246259941656
TH55,20km,1,XGB,0.9900544192156127,0.8835616438356164,0.8835616438356164,0.47573918104171753
TH55,20km,1,LR,0.9835804090823794,0.8904109589041096,0.8904109589041096,0.47557690905618605
TH55,20km,2024,RF,0.9901951585663352,0.8287671232876712,0.8287671232876712,0.5305966968814895
TH55,20km,2024,XGB,0.9925408144117095,0.8904109589041096,0.8904109589041096,0.4153600335121155
TH55,20km,2024,LR,0.9853631075248639,0.8767123287671232,0.8767123287671232,0.5006843825868952
TH55,20km,42,RF,0.9910395946706699,0.8767123287671232,0.8767123287671232,0.49956083404485463
TH55,20km,42,XGB,0.9876618502533309,0.8835616438356164,0.8835616438356164,0.3936077654361725
TH55,20km,42,LR,0.9849408894726965,0.8767123287671232,0.8767123287671232,0.4857729878666493
TH55,20km,7,RF,0.9894914618127229,0.8493150684931505,0.8493150684931507,0.5389015449967098
TH55,20km,7,XGB,0.9851285419403265,0.8698630136986301,0.8698630136986302,0.405735045671463
TH55,20km,7,LR,0.9855507599924939,0.8698630136986301,0.8698630136986302,0.5118650405097083
TH55,25km,0,RF,0.989303809345093,0.8561643835616439,0.8561643835616438,0.39172418188824754
TH55,25km,0,XGB,0.9902420716832427,0.9109589041095889,0.910958904109589,0.3740466237068176
TH55,25km,0,LR,0.9862075436291988,0.8630136986301369,0.863013698630137,0.5036601520217862
TH55,25km,1,RF,0.990945768436855,0.8150684931506849,0.815068493150685,0.5608019779935137
TH55,25km,1,XGB,0.990945768436855,0.8698630136986303,0.8698630136986302,0.48183783888816833
TH55,25km,1,LR,0.9841902796021769,0.8904109589041096,0.8904109589041096,0.5034135413354863
TH55,25km,2024,RF,0.99066428973541,0.821917808219178,0.821917808219178,0.5333859854924218
TH55,25km,2024,XGB,0.9934790767498592,0.9109589041095889,0.910958904109589,0.3650682270526886
TH55,25km,2024,LR,0.9855976731094014,0.8767123287671232,0.8767123287671232,0.5076700929182346
TH55,25km,42,RF,0.9901951585663352,0.8835616438356164,0.8835616438356164,0.4913302865754941
TH55,25km,42,XGB,0.9859729780446613,0.8767123287671232,0.8767123287671232,0.3257717788219452
TH55,25km,42,LR,0.9854100206417713,0.8904109589041096,0.8904109589041096,0.47508352757334765
TH55,25km,7,RF,0.99047663726778,0.8630136986301369,0.863013698630137,0.4168797577311581
TH55,25km,7,XGB,0.9853631075248639,0.8630136986301369,0.863013698630137,0.39758139848709106
TH55,25km,7,LR,0.9858791518108463,0.8767123287671232,0.8767123287671232,0.5079777635960927
TH55,5km,0,RF,0.9846124976543442,0.7465753424657535,0.7465753424657534,0.5275245132114562
TH55,5km,0,XGB,0.9880840683054982,0.7808219178082192,0.7808219178082192,0.5379358530044556
TH55,5km,0,LR,0.9826890598611371,0.6369863013698631,0.636986301369863,0.5657216541807738
TH55,5km,1,RF,0.981422405704635,0.7465753424657535,0.7465753424657534,0.48097728270676243
TH55,5km,1,XGB,0.9864421092137362,0.7945205479452055,0.7945205479452055,0.47954061627388
TH55,5km,1,LR,0.9807656220679302,0.6369863013698631,0.636986301369863,0.6108616239526262
TH55,5km,2024,RF,0.9814693188215425,0.7534246575342465,0.7534246575342466,0.49174639687699834
TH55,5km,2024,XGB,0.9876618502533309,0.7945205479452055,0.7945205479452055,0.4758094549179077
TH55,5km,2024,LR,0.9839088009007319,0.6849315068493151,0.6849315068493151,0.5259124099462478
TH55,5km,42,RF,0.9818446237568024,0.7602739726027399,0.7602739726027398,0.47473517659241143
TH55,5km,42,XGB,0.9850347157065116,0.8150684931506849,0.815068493150685,0.4347069561481476
TH55,5km,42,LR,0.9825483205104146,0.6369863013698631,0.636986301369863,0.5959353690588279
TH55,5km,7,RF,0.9828297992118596,0.7602739726027399,0.7602739726027398,0.5007043290002495
TH55,5km,7,XGB,0.9834865828485644,0.8150684931506849,0.815068493150685,0.4102483093738556
TH55,5km,7,LR,0.9829236254456746,0.7191780821917808,0.7191780821917808,0.4849594981788459
TH55,Rinf,0,RF,0.9890692437605555,0.821917808219178,0.821917808219178,0.5446150146767089
TH55,Rinf,0,XGB,0.988834678176018,0.8698630136986301,0.8698630136986302,0.37451061606407166
TH55,Rinf,0,LR,0.9861137173953838,0.8424657534246576,0.8424657534246576,0.5457898345044285
TH55,Rinf,1,RF,0.9909457684368549,0.8767123287671232,0.8767123287671232,0.46837319910034475
TH55,Rinf,1,XGB,0.9891161568774629,0.8698630136986303,0.8698630136986302,0.4776066243648529
TH55,Rinf,1,LR,0.9845186714205292,0.8972602739726028,0.8972602739726028,0.487505428783871
TH55,Rinf,2024,RF,0.991321073372115,0.8835616438356164,0.8835616438356164,0.48127529810243674
TH55,Rinf,2024,XGB,0.9931037718145994,0.8835616438356164,0.8835616438356164,0.42987868189811707
TH55,Rinf,2024,LR,0.9857384124601238,0.8767123287671232,0.8767123287671232,0.5266029202828658
TH55,Rinf,42,RF,0.9901013323325201,0.8698630136986303,0.8698630136986302,0.5391679530695869
TH55,Rinf,42,XGB,0.9867705010320886,0.8767123287671232,0.8767123287671232,0.3844048082828522
TH55,Rinf,42,LR,0.9854569337586789,0.8904109589041096,0.8904109589041096,0.4866754737798158
TH55,Rinf,7,RF,0.9902889848001502,0.8630136986301369,0.863013698630137,0.45189493588764024
TH55,Rinf,7,XGB,0.9866766747982736,0.8698630136986301,0.8698630136986302,0.4354659914970398
TH55,Rinf,7,LR,0.9858322386939389,0.8972602739726028,0.8972602739726028,0.4504080721900044
TH56,10km,0,RF,0.977290047248895,0.8148148148148149,0.8148148148148149,0.5033935857328513
TH56,10km,0,XGB,0.9756134735558604,0.765432098765432,0.7654320987654322,0.3853321373462677
TH56,10km,0,LR,0.960524310318549,0.7777777777777777,0.7777777777777778,0.4595438425919733
TH56,10km,1,RF,0.9809480262155159,0.8271604938271606,0.8271604938271605,0.46751786868151335
TH56,10km,1,XGB,0.9826245999085506,0.8148148148148149,0.8148148148148149,0.40170347690582275
TH56,10km,1,LR,0.9600670629477215,0.7901234567901234,0.7901234567901234,0.4794760025811399
TH56,10km,2024,RF,0.973632068282274,0.8148148148148149,0.8148148148148149,0.45118461281448036
TH56,10km,2024,XGB,0.9724127419600671,0.8024691358024691,0.8024691358024691,0.5208926200866699
TH56,10km,2024,LR,0.9623532998018594,0.7777777777777777,0.7777777777777778,0.5267281540349636
TH56,10km,42,RF,0.9778997104099985,0.8024691358024691,0.8024691358024691,0.43700541339881926
TH56,10km,42,XGB,0.9756134735558604,0.7901234567901234,0.7901234567901234,0.3989061117172241
TH56,10km,42,LR,0.9612863892699284,0.7901234567901234,0.7901234567901234,0.5048440096197919
TH56,10km,7,RF,0.9750038103947569,0.7901234567901234,0.7901234567901234,0.5301975841143769
TH56,10km,7,XGB,0.9785093735711019,0.8024691358024691,0.8024691358024691,0.5099776387214661
TH56,10km,7,LR,0.958085657674135,0.765432098765432,0.7654320987654322,0.5047277315038187
TH56,1km,0,RF,0.9158664837677182,0.8148148148148149,0.8148148148148149,0.5560001617420496
TH56,1km,0,XGB,0.9199817101051668,0.765432098765432,0.7654320987654322,0.5160498023033142
TH56,1km,0,LR,0.886297820454199,0.654320987654321,0.654320987654321,0.6492249465152552
TH56,1km,1,RF,0.9330894680688919,0.8395061728395061,0.8395061728395061,0.43862676498767417
TH56,1km,1,XGB,0.9428440786465478,0.728395061728395,0.7283950617283951,0.546400785446167
TH56,1km,1,LR,0.8960524310318548,0.7283950617283952,0.7283950617283951,0.7042356287538054
TH56,1km,2024,RF,0.9263831732967536,0.8271604938271604,0.8271604938271605,0.5329449570973207
TH56,1km,2024,XGB,0.9483310470964792,0.8271604938271604,0.8271604938271605,0.44665175676345825
TH56,1km,2024,LR,0.9140374942844078,0.7160493827160495,0.7160493827160495,0.6736358543024167
TH56,1km,42,RF,0.9289742417314433,0.8395061728395061,0.8395061728395061,0.5350484910423265
TH56,1km,42,XGB,0.9454351470812377,0.8148148148148149,0.8148148148148149,0.48050421476364136
TH56,1km,42,LR,0.8904130467916476,0.691358024691358,0.691358024691358,0.6563376733627274
TH56,1km,7,RF,0.9202865416857187,0.765432098765432,0.7654320987654322,0.5587123631840494
TH56,1km,7,XGB,0.9248590153939947,0.7777777777777777,0.7777777777777778,0.4939972162246704
TH56,1km,7,LR,0.887669562566682,0.6790123456790123,0.6790123456790124,0.668026389285201
TH56,20km,0,RF,0.9743941472336534,0.7777777777777777,0.7777777777777778,0.4738939095440744
TH56,20km,0,XGB,0.9727175735406188,0.8024691358024691,0.8024691358024691,0.4364381432533264
TH56,20km,0,LR,0.9594573997866178,0.7407407407407407,0.7407407407407407,0.49789783494291856
TH56,20km,1,RF,0.9769852156683432,0.7777777777777777,0.7777777777777778,0.4679653058823755
TH56,20km,1,XGB,0.9762231367169638,0.7901234567901234,0.7901234567901234,0.40696102380752563
TH56,20km,1,LR,0.9609815576893765,0.7777777777777777,0.7777777777777778,0.5442882071122174
TH56,20km,2024,RF,0.9730224051211706,0.7777777777777777,0.7777777777777778,0.5174300672979893
TH56,20km,2024,XGB,0.9762231367169638,0.8024691358024691,0.8024691358024691,0.4156201481819153
TH56,20km,2024,LR,0.9603718945282732,0.7160493827160495,0.7160493827160495,0.5293180548824084
TH56,20km,42,RF,0.9731748209114465,0.7777777777777777,0.7777777777777778,0.49443044184818036
TH56,20km,42,XGB,0.9666209419295839,0.7530864197530862,0.7530864197530864,0.3973158895969391
TH56,20km,42,LR,0.9615912208504801,0.765432098765432,0.7654320987654322,0.5082402950694928
TH56,20km,7,RF,0.9722603261697913,0.7901234567901234,0.7901234567901234,0.522235034595904
TH56,20km,7,XGB,0.977290047248895,0.7530864197530864,0.7530864197530864,0.3539574444293976
TH56,20km,7,LR,0.9564090839811004,0.7407407407407407,0.7407407407407407,0.49136329167863635
TH56,25km,0,RF,0.9739368998628258,0.7777777777777777,0.7777777777777778,0.47516917678903314
TH56,25km,0,XGB,0.9721079103795153,0.7777777777777777,0.7777777777777778,0.4825679063796997
TH56,25km,0,LR,0.9606767261088248,0.728395061728395,0.7283950617283951,0.5286400603844514
TH56,25km,1,RF,0.976070720926688,0.7777777777777777,0.7777777777777778,0.520188418173433
TH56,25km,1,XGB,0.9789666209419295,0.8024691358024691,0.8024691358024691,0.4639188349246979
TH56,25km,1,LR,0.9608291418991007,0.765432098765432,0.7654320987654322,0.5622593864290697
TH56,25km,2024,RF,0.9710409998475842,0.8024691358024691,0.8024691358024691,0.424531750132893
TH56,25km,2024,XGB,0.9707361682670325,0.7901234567901234,0.7901234567901234,0.4001476764678955
TH56,25km,2024,LR,0.9600670629477214,0.7160493827160495,0.7160493827160495,0.5440460863140363
TH56,25km,42,RF,0.97119341563786,0.7777777777777777,0.7777777777777778,0.5194975831514449
TH56,25km,42,XGB,0.9679926840420667,0.7901234567901234,0.7901234567901234,0.4041106402873993
TH56,25km,42,LR,0.9614388050602042,0.765432098765432,0.7654320987654322,0.5248142649553807
TH56,25km,7,RF,0.9690595945739978,0.8024691358024691,0.8024691358024691,0.5387781260959074
TH56,25km,7,XGB,0.9762231367169638,0.7777777777777777,0.7777777777777778,0.4383383095264435
TH56,25km,7,LR,0.9574759945130316,0.7407407407407407,0.7407407407407407,0.48089354429762127
TH56,5km,0,RF,0.98079561042524,0.8271604938271604,0.8271604938271605,0.4669738650370483
TH56,5km,0,XGB,0.9756134735558604,0.8271604938271604,0.8271604938271605,0.4361678957939148
TH56,5km,0,LR,0.9594573997866179,0.765432098765432,0.7654320987654322,0.47334233722163116
TH56,5km,1,RF,0.9803383630544124,0.8518518518518516,0.8518518518518519,0.5103889260983024
TH56,5km,1,XGB,0.9763755525072397,0.9012345679012346,0.9012345679012346,0.42804428935050964
TH56,5km,1,LR,0.9590001524157903,0.7160493827160495,0.7160493827160495,0.558404013759081
TH56,5km,2024,RF,0.9765279682975156,0.8148148148148149,0.8148148148148149,0.4980671100038304
TH56,5km,2024,XGB,0.9766803840877916,0.8271604938271606,0.8271604938271605,0.43473705649375916
TH56,5km,2024,LR,0.9597622313671696,0.7407407407407407,0.7407407407407407,0.49604029765648955
TH56,5km,42,RF,0.9785093735711019,0.8271604938271606,0.8271604938271605,0.48256070019648006
TH56,5km,42,XGB,0.974851394604481,0.8271604938271604,0.8271604938271605,0.46765759587287903
TH56,5km,42,LR,0.9590001524157903,0.7160493827160495,0.7160493827160495,0.5733237833583257
TH56,5km,7,RF,0.9807956104252401,0.8271604938271606,0.8271604938271605,0.5128363757864444
TH56,5km,7,XGB,0.9806431946349643,0.8395061728395061,0.8395061728395061,0.5220353007316589
TH56,5km,7,LR,0.9570187471422039,0.7777777777777777,0.7777777777777778,0.4872059109560403
TH56,Rinf,0,RF,0.9731748209114465,0.7777777777777777,0.7777777777777778,0.5093320410019069
TH56,Rinf,0,XGB,0.9756134735558604,0.8024691358024691,0.8024691358024691,0.41760894656181335
TH56,Rinf,0,LR,0.960524310318549,0.7283950617283952,0.7283950617283951,0.4751965426368209
TH56,Rinf,1,RF,0.9754610577655844,0.7901234567901234,0.7901234567901234,0.5334785961538934
TH56,Rinf,1,XGB,0.9785093735711019,0.7530864197530862,0.7530864197530864,0.4124308228492737
TH56,Rinf,1,LR,0.960524310318549,0.765432098765432,0.7654320987654322,0.5835367022902259
TH56,Rinf,2024,RF,0.971345831428136,0.8024691358024691,0.8024691358024691,0.41929704223980196
TH56,Rinf,2024,XGB,0.9740893156531016,0.7901234567901234,0.7901234567901234,0.41022351384162903
TH56,Rinf,2024,LR,0.9597622313671696,0.7407407407407407,0.7407407407407407,0.4608362914641812
TH56,Rinf,42,RF,0.9728699893308947,0.7901234567901234,0.7901234567901234,0.5161202684241757
TH56,Rinf,42,XGB,0.969974089315653,0.7530864197530862,0.7530864197530864,0.3539239168167114
TH56,Rinf,42,LR,0.960524310318549,0.728395061728395,0.7283950617283951,0.48064690332907833
TH56,Rinf,7,RF,0.9682975156226185,0.7901234567901234,0.7901234567901234,0.45571987198517766
TH56,Rinf,7,XGB,0.9740893156531016,0.765432098765432,0.7654320987654322,0.3713403344154358
TH56,Rinf,7,LR,0.9564090839811004,0.7407407407407407,0.7407407407407407,0.533855993689823
TH57,10km,0,RF,0.9534851718984514,0.6726296958855098,0.6726296958855098,0.5549763834233402
TH57,10km,0,XGB,0.9508354107929762,0.6833631484794276,0.6833631484794276,0.3934893012046814
TH57,10km,0,LR,0.9511874321958775,0.7155635062611807,0.7155635062611807,0.45429331847852555
TH57,10km,1,RF,0.9513698432864719,0.6887298747763864,0.6887298747763864,0.510689072642842
TH57,10km,1,XGB,0.9476128148591435,0.665474060822898,0.665474060822898,0.40200501680374146
TH57,10km,1,LR,0.9512578364764578,0.6690518783542041,0.6690518783542039,0.5068410281007865
TH57,10km,2024,RF,0.9521122884271364,0.6905187835420392,0.6905187835420394,0.5238756292667331
TH57,10km,2024,XGB,0.9470623813927886,0.6905187835420392,0.6905187835420394,0.4015425741672516
TH57,10km,2024,LR,0.9513058393950352,0.6976744186046511,0.6976744186046512,0.4828494986026895
TH57,10km,42,RF,0.9527491271469305,0.6994633273703041,0.6994633273703041,0.5034366311339973
TH57,10km,42,XGB,0.9515298530150632,0.6797853309481217,0.6797853309481217,0.5162633657455444
TH57,10km,42,LR,0.9501889714894663,0.6601073345259392,0.6601073345259392,0.5354397877536781
TH57,10km,7,RF,0.9526275197532009,0.7209302325581395,0.7209302325581395,0.4850748208214692
TH57,10km,7,XGB,0.9476032142754278,0.6404293381037567,0.6404293381037567,0.5383790731430054
TH57,10km,7,LR,0.951235435114455,0.7191413237924866,0.7191413237924866,0.4454026571079497
TH57,1km,0,RF,0.8964769057958726,0.6869409660107335,0.6869409660107335,0.4526710254058148
TH57,1km,0,XGB,0.8903901357202517,0.5742397137745976,0.5742397137745975,0.520514726638794
TH57,1km,0,LR,0.8842745638934848,0.6010733452593917,0.6010733452593917,0.6761704617676513
TH57,1km,1,RF,0.8442753319401819,0.6618962432915922,0.6618962432915921,0.5165337417098799
TH57,1km,1,XGB,0.882252040924088,0.6440071556350626,0.6440071556350626,0.5195273756980896
TH57,1km,1,LR,0.8668847065901606,0.5939177101967799,0.59391771019678,0.6716252691397498
TH57,1km,2024,RF,0.910845779423389,0.6762075134168157,0.6762075134168157,0.5126901872393979
TH57,1km,2024,XGB,0.9163533142815083,0.5831842576028623,0.5831842576028623,0.5615736842155457
TH57,1km,2024,LR,0.8805495374118747,0.6028622540250448,0.6028622540250448,0.6682383591618315
TH57,1km,42,RF,0.8740883445713499,0.670840787119857,0.670840787119857,0.51414521966896
TH57,1km,42,XGB,0.9021380499934395,0.6440071556350626,0.6440071556350626,0.5042127370834351
TH57,1km,42,LR,0.8711153638141198,0.6046511627906976,0.6046511627906976,0.6124464485708786
TH57,1km,7,RF,0.8620620133704129,0.6833631484794276,0.6833631484794276,0.5172019354829899
TH57,1km,7,XGB,0.8912445876709305,0.6153846153846154,0.6153846153846154,0.49771741032600403
TH57,1km,7,LR,0.8729298741363476,0.6028622540250448,0.6028622540250448,0.6424265797075605
TH57,20km,0,RF,0.9504097849149228,0.7066189624329158,0.706618962432916,0.5410795186944765
TH57,20km,0,XGB,0.9522018938751475,0.7280858676207513,0.7280858676207513,0.4945862293243408
TH57,20km,0,LR,0.9508514117658354,0.7191413237924866,0.7191413237924866,0.5547081625687234
TH57,20km,1,RF,0.9532163555544177,0.7173524150268336,0.7173524150268336,0.5203724272191343
TH57,20km,1,XGB,0.9473279975422505,0.6940966010733454,0.6940966010733453,0.4204518795013428
TH57,20km,1,LR,0.9507042028155313,0.737030411449016,0.737030411449016,0.5060155623624211
TH57,20km,2024,RF,0.9507106032046748,0.7245080500894454,0.7245080500894454,0.5063090954642114
TH57,20km,2024,XGB,0.9494721279053767,0.6833631484794274,0.6833631484794276,0.555269181728363
TH57,20km,2024,LR,0.9509122154627002,0.7048300536672629,0.7048300536672629,0.55735314383696
TH57,20km,42,RF,0.9520674857031308,0.7316636851520573,0.7316636851520573,0.47497579988892646
TH57,20km,42,XGB,0.95061459736752,0.7012522361359572,0.701252236135957,0.49427035450935364
TH57,20km,42,LR,0.9493377197333597,0.7459749552772807,0.7459749552772809,0.47200038592637694
TH57,20km,7,RF,0.9518338714993871,0.7209302325581395,0.7209302325581395,0.5191203499885062
TH57,20km,7,XGB,0.9487072814027093,0.7101967799642219,0.7101967799642218,0.36630702018737793
TH57,20km,7,LR,0.9510402232455732,0.7155635062611807,0.7155635062611807,0.5386736479763299
TH57,25km,0,RF,0.9515714555444972,0.7191413237924866,0.7191413237924866,0.5170764900271936
TH57,25km,0,XGB,0.9496193368556809,0.6851520572450804,0.6851520572450804,0.5433730483055115
TH57,25km,0,LR,0.9507490055395368,0.7406082289803222,0.740608228980322,0.5439832256781445
TH57,25km,1,RF,0.9523843049657419,0.7334525939177101,0.7334525939177101,0.48768897849545984
TH57,25km,1,XGB,0.944985455115671,0.6833631484794274,0.6833631484794276,0.4518532156944275
TH57,25km,1,LR,0.9506754010643848,0.7567084078711988,0.7567084078711985,0.4814119320023428
TH57,25km,2024,RF,0.9514466479561957,0.7513416815742398,0.7513416815742398,0.38128483717256656
TH57,25km,2024,XGB,0.948409663307529,0.7030411449016101,0.7030411449016101,0.3955328166484833
TH57,25km,2024,LR,0.9507650065123959,0.7441860465116279,0.7441860465116279,0.5121736226788947
TH57,25km,42,RF,0.9519106761691111,0.7352415026833632,0.7352415026833632,0.48420382702409526
TH57,25km,42,XGB,0.9469215728316281,0.7227191413237923,0.7227191413237926,0.4030577838420868
TH57,25km,42,LR,0.949465727516233,0.7495527728085869,0.7495527728085868,0.49283990506124037
TH57,25km,7,RF,0.9530563458258262,0.737030411449016,0.737030411449016,0.5367652651848318
TH57,25km,7,XGB,0.9455742909168878,0.7477638640429338,0.7477638640429338,0.26012948155403137
TH57,25km,7,LR,0.9506754010643846,0.7531305903398926,0.7531305903398926,0.4642535129773424
TH57,5km,0,RF,0.9508386109875481,0.6779964221824688,0.6779964221824687,0.4985192729128999
TH57,5km,0,XGB,0.9413564344712159,0.586762075134168,0.5867620751341682,0.5434308052062988
TH57,5km,0,LR,0.9492833164256387,0.6171735241502683,0.6171735241502683,0.495487236095165
TH57,5km,1,RF,0.9476736185560082,0.6851520572450807,0.6851520572450804,0.47074955032248605
TH57,5km,1,XGB,0.9389530883477715,0.5903398926654742,0.590339892665474,0.5481357574462891
TH57,5km,1,LR,0.9498721522268553,0.597495527728086,0.5974955277280858,0.5692417535652398
TH57,5km,2024,RF,0.9506145973675201,0.6618962432915922,0.6618962432915921,0.5157304873712849
TH57,5km,2024,XGB,0.9360089093416879,0.6153846153846154,0.6153846153846154,0.45965731143951416
TH57,5km,2024,LR,0.9502145730460413,0.5939177101967799,0.59391771019678,0.5990615422399026
TH57,5km,42,RF,0.9490273008598923,0.670840787119857,0.670840787119857,0.5086442764409407
TH57,5km,42,XGB,0.9444702237896065,0.6153846153846154,0.6153846153846154,0.5513010025024414
TH57,5km,42,LR,0.9491905107830557,0.5903398926654742,0.590339892665474,0.5837122485896603
TH57,5km,7,RF,0.9498081483354188,0.6726296958855098,0.6726296958855098,0.46749297504311227
TH57,5km,7,XGB,0.9461599265235325,0.6404293381037567,0.6404293381037567,0.44380009174346924
TH57,5km,7,LR,0.9500769646794525,0.592128801431127,0.592128801431127,0.585337758435996
TH57,Rinf,0,RF,0.9515650551553535,0.7298747763864042,0.7298747763864043,0.5150330550150919
TH57,Rinf,0,XGB,0.9472511928725267,0.6958855098389982,0.6958855098389982,0.435808926820755
TH57,Rinf,0,LR,0.9506754010643846,0.7584973166368516,0.7584973166368515,0.5333883945800089
TH57,Rinf,1,RF,0.9534051670341557,0.742397137745975,0.7423971377459749,0.4984762937668306
TH57,Rinf,1,XGB,0.9448478467490824,0.7119856887298748,0.7119856887298748,0.4095733165740967
TH57,Rinf,1,LR,0.9503457810234862,0.7602862254025045,0.7602862254025045,0.5056399789353596
TH57,Rinf,2024,RF,0.9503041784940524,0.7441860465116279,0.7441860465116279,0.43429533251146646
TH57,Rinf,2024,XGB,0.9484448654478193,0.7101967799642219,0.7101967799642218,0.4597698152065277
TH57,Rinf,2024,LR,0.950726604177534,0.7620751341681573,0.7620751341681574,0.4340686593722936
TH57,Rinf,42,RF,0.9521282893999955,0.7459749552772807,0.7459749552772809,0.43067152014958665
TH57,Rinf,42,XGB,0.946508747731862,0.7298747763864042,0.7298747763864043,0.3767356276512146
TH57,Rinf,42,LR,0.9489056934661628,0.7531305903398926,0.7531305903398926,0.48315930687243147
TH57,Rinf,7,RF,0.9521026878434209,0.7549194991055455,0.7549194991055457,0.4498398802461595
TH57,Rinf,7,XGB,0.945702298699761,0.7209302325581395,0.7209302325581395,0.35052454471588135
TH57,Rinf,7,LR,0.9502305740189003,0.7584973166368516,0.7584973166368515,0.4519742289055492
TH58,10km,0,RF,0.9925240299038804,0.5849056603773586,0.5849056603773585,0.5243274809333175
TH58,10km,0,XGB,0.9846920612317551,0.7169811320754715,0.7169811320754718,0.43189918994903564
TH58,10km,0,LR,0.9740121039515843,0.6603773584905661,0.6603773584905661,0.4972913045402533
TH58,10km,1,RF,0.9925240299038804,0.6981132075471699,0.6981132075471699,0.46442642757343455
TH58,10km,1,XGB,0.9839800640797437,0.6792452830188678,0.679245283018868,0.47621089220046997
TH58,10km,1,LR,0.9725881096475615,0.7169811320754715,0.7169811320754718,0.4244415637355348
TH58,10km,2024,RF,0.9943040227839088,0.641509433962264,0.6415094339622642,0.4848396528261498
TH58,10km,2024,XGB,0.9846920612317551,0.6981132075471699,0.6981132075471699,0.42353537678718567
TH58,10km,2024,LR,0.9740121039515843,0.6981132075471699,0.6981132075471699,0.4692231134565553
TH58,10km,42,RF,0.9939480242079032,0.6037735849056602,0.6037735849056604,0.5311787500616222
TH58,10km,42,XGB,0.9893200427198292,0.6037735849056602,0.6037735849056604,0.4575709402561188
TH58,10km,42,LR,0.9736561053755786,0.6792452830188678,0.679245283018868,0.46237072405335833
TH58,10km,7,RF,0.9928800284798861,0.6037735849056602,0.6037735849056604,0.5251903490232136
TH58,10km,7,XGB,0.9935920256318975,0.7358490566037736,0.7358490566037736,0.45057544112205505
TH58,10km,7,LR,0.9740121039515843,0.6792452830188678,0.679245283018868,0.4526142682909644
TH58,1km,0,RF,0.8949804200783198,0.5471698113207548,0.5471698113207547,0.5312935547142567
TH58,1km,0,XGB,0.8341046635813457,0.5471698113207548,0.5471698113207547,0.41991767287254333
TH58,1km,0,LR,0.8604485582057673,0.5283018867924527,0.5283018867924528,0.6748544744451197
TH58,1km,1,RF,0.9369882520469919,0.6226415094339623,0.6226415094339622,0.4962765426112724
TH58,1km,1,XGB,0.8903524385902456,0.6037735849056602,0.6037735849056604,0.41953930258750916
TH58,1km,1,LR,0.8515485938056249,0.49056603773584895,0.49056603773584906,0.663515854584877
TH58,1km,2024,RF,0.911000355998576,0.6037735849056602,0.6037735849056604,0.49968943834079843
TH58,1km,2024,XGB,0.8803844784620862,0.6981132075471699,0.6981132075471699,0.43037959933280945
TH58,1km,2024,LR,0.8305446778212887,0.4716981132075473,0.4716981132075472,0.689506733001519
TH58,1km,42,RF,0.9448202207191172,0.6226415094339623,0.6226415094339622,0.5127869937183989
TH58,1km,42,XGB,0.8821644713421146,0.5471698113207548,0.5471698113207547,0.5160014629364014
TH58,1km,42,LR,0.8312566749733001,0.37735849056603765,0.37735849056603776,0.666913086579389
TH58,1km,7,RF,0.9248843004627982,0.6603773584905661,0.6603773584905661,0.5303015434950479
TH58,1km,7,XGB,0.9312922748309007,0.7169811320754718,0.7169811320754718,0.4967080354690552
TH58,1km,7,LR,0.8761124955500178,0.509433962264151,0.5094339622641509,0.6740744322483785
TH58,20km,0,RF,0.9935920256318975,0.6037735849056602,0.6037735849056604,0.5421853812000769
TH58,20km,0,XGB,0.9875400498398007,0.6037735849056602,0.6037735849056604,0.46593791246414185
TH58,20km,0,LR,0.9736561053755786,0.6603773584905661,0.6603773584905661,0.4542400547803451
TH58,20km,1,RF,0.9932360270558918,0.6226415094339623,0.6226415094339622,0.45937337290332625
TH58,20km,1,XGB,0.9925240299038804,0.6226415094339623,0.6226415094339622,0.4755818843841553
TH58,20km,1,LR,0.9725881096475615,0.6792452830188678,0.679245283018868,0.48433557927785087
TH58,20km,2024,RF,0.9943040227839088,0.5849056603773586,0.5849056603773585,0.5362680906461774
TH58,20km,2024,XGB,0.9907440370238519,0.6037735849056602,0.6037735849056604,0.3973258137702942
TH58,20km,2024,LR,0.97436810252759,0.6981132075471699,0.6981132075471699,0.4558789487587845
TH58,20km,42,RF,0.9943040227839088,0.6603773584905661,0.6603773584905661,0.4632543432391936
TH58,20km,42,XGB,0.9882520469918121,0.6226415094339623,0.6226415094339622,0.4510821998119354
TH58,20km,42,LR,0.9757920968316127,0.6603773584905661,0.6603773584905661,0.5315227837750452
TH58,20km,7,RF,0.9914560341758634,0.6603773584905661,0.6603773584905661,0.46461967512513164
TH58,20km,7,XGB,0.9932360270558918,0.7169811320754715,0.7169811320754718,0.3299519121646881
TH58,20km,7,LR,0.9736561053755786,0.6226415094339623,0.6226415094339622,0.5338577119396268
TH58,25km,0,RF,0.9932360270558918,0.641509433962264,0.6415094339622642,0.5090180891687158
TH58,25km,0,XGB,0.9889640441438234,0.6603773584905661,0.6603773584905661,0.40954887866973877
TH58,25km,0,LR,0.9747241011035956,0.6603773584905661,0.6603773584905661,0.4849703895066565
TH58,25km,1,RF,0.9932360270558918,0.6603773584905661,0.6603773584905661,0.46673563602765816
TH58,25km,1,XGB,0.9935920256318975,0.5849056603773586,0.5849056603773585,0.48995569348335266
TH58,25km,1,LR,0.9725881096475615,0.6603773584905661,0.6603773584905661,0.4840240897409077
TH58,25km,2024,RF,0.9935920256318975,0.5849056603773586,0.5849056603773585,0.4916823077340936
TH58,25km,2024,XGB,0.9878960484158064,0.5283018867924527,0.5283018867924528,0.41781261563301086
TH58,25km,2024,LR,0.9733001067995729,0.6603773584905661,0.6603773584905661,0.5062080356869206
TH58,25km,42,RF,0.9928800284798861,0.6037735849056602,0.6037735849056604,0.528326504452158
TH58,25km,42,XGB,0.9903880384478463,0.5849056603773586,0.5849056603773585,0.4011895954608917
TH58,25km,42,LR,0.9761480954076185,0.6792452830188678,0.679245283018868,0.508422969794124
TH58,25km,7,RF,0.990744037023852,0.6226415094339623,0.6226415094339622,0.47743471497838513
TH58,25km,7,XGB,0.9960840156639373,0.6792452830188678,0.679245283018868,0.3297227919101715
TH58,25km,7,LR,0.9740121039515843,0.6226415094339623,0.6226415094339622,0.5382317864103485
TH58,5km,0,RF,0.9822000711997152,0.6603773584905661,0.6603773584905661,0.4652739114381364
TH58,5km,0,XGB,0.9647561409754362,0.6792452830188678,0.679245283018868,0.4291474223136902
TH58,5km,0,LR,0.9704521181915273,0.6037735849056602,0.6037735849056604,0.5276745504454351
TH58,5km,1,RF,0.9868280526877893,0.6226415094339623,0.6226415094339622,0.5318241760112352
TH58,5km,1,XGB,0.9668921324314703,0.7169811320754715,0.7169811320754718,0.46540164947509766
TH58,5km,1,LR,0.9700961196155216,0.6603773584905661,0.6603773584905661,0.4812468980834107
TH58,5km,2024,RF,0.9850480598077609,0.6792452830188678,0.679245283018868,0.4509134626825107
TH58,5km,2024,XGB,0.9747241011035956,0.6603773584905661,0.6603773584905661,0.46651750802993774
TH58,5km,2024,LR,0.9697401210395159,0.6037735849056602,0.6037735849056604,0.48766479211388125
TH58,5km,42,RF,0.9864720541117836,0.641509433962264,0.6415094339622642,0.5483808282143088
TH58,5km,42,XGB,0.9640441438234247,0.6603773584905661,0.6603773584905661,0.48048388957977295
TH58,5km,42,LR,0.9697401210395159,0.6603773584905661,0.6603773584905661,0.4678103901239204
TH58,5km,7,RF,0.9818440726237095,0.6792452830188678,0.679245283018868,0.5036626570797048
TH58,5km,7,XGB,0.9647561409754362,0.6792452830188678,0.679245283018868,0.49377092719078064
TH58,5km,7,LR,0.9686721253114988,0.6037735849056602,0.6037735849056604,0.5240301997920805
TH58,Rinf,0,RF,0.9935920256318975,0.6226415094339623,0.6226415094339622,0.5150084885288068
TH58,Rinf,0,XGB,0.9903880384478463,0.6226415094339623,0.6226415094339622,0.4600343108177185
TH58,Rinf,0,LR,0.9743681025275899,0.6226415094339623,0.6226415094339622,0.508043543081313
TH58,Rinf,1,RF,0.9935920256318975,0.5849056603773586,0.5849056603773585,0.4810950340741265
TH58,Rinf,1,XGB,0.9943040227839088,0.5849056603773586,0.5849056603773585,0.45000630617141724
TH58,Rinf,1,LR,0.9725881096475615,0.5849056603773586,0.5849056603773585,0.5262336871879103
TH58,Rinf,2024,RF,0.9946600213599145,0.5849056603773586,0.5849056603773585,0.5124623693672977
TH58,Rinf,2024,XGB,0.9850480598077609,0.4528301886792452,0.4528301886792453,0.47003376483917236
TH58,Rinf,2024,LR,0.9736561053755786,0.6226415094339623,0.6226415094339622,0.5199725855068441
TH58,Rinf,42,RF,0.9946600213599146,0.641509433962264,0.6415094339622642,0.4898793235622959
TH58,Rinf,42,XGB,0.9875400498398007,0.5849056603773586,0.5849056603773585,0.502726137638092
TH58,Rinf,42,LR,0.9761480954076185,0.6792452830188678,0.679245283018868,0.4690712359730593
TH58,Rinf,7,RF,0.9925240299038804,0.6792452830188678,0.679245283018868,0.42927440578090986
TH58,Rinf,7,XGB,0.9964400142399431,0.5849056603773586,0.5849056603773585,0.4413730800151825
TH58,Rinf,7,LR,0.9740121039515843,0.6226415094339623,0.6226415094339622,0.5293841426469214
