learner,radius,auc_median_median,auc_median_min,auc_median_max,auc_median_count,tss_median_median,tss_median_min,tss_median_max,tss_median_count,kappa_median_median,kappa_median_min,kappa_median_max,kappa_median_count
LR,10km,0.9720296850050805,0.9714036870373058,0.9724651618522282,5,0.7761194029850746,0.7590361445783134,0.7960199004975124,5,0.7761194029850746,0.7590361445783133,0.7960199004975125,5
LR,1km,0.8904130467916476,0.886297820454199,0.8959198057796225,5,0.6790123456790123,0.6643835616438356,0.691358024691358,5,0.6790123456790124,0.6643835616438356,0.691358024691358,5
LR,20km,0.9717756568442445,0.9705327333430105,0.9720115401364494,5,0.7735042735042734,0.7564102564102564,0.7799145299145298,5,0.7735042735042735,0.7564102564102564,0.7799145299145299,5
LR,25km,0.9718300914501379,0.9707686166352155,0.971893598490347,5,0.7860696517412935,0.7777777777777777,0.7876106194690264,5,0.7860696517412935,0.7777777777777778,0.7876106194690266,5
LR,5km,0.9697401210395159,0.9686721253114988,0.9704521181915273,5,0.7094017094017095,0.6965174129353233,0.7263681592039801,5,0.7094017094017093,0.6965174129353233,0.7263681592039801,5
LR,Rinf,0.9715397735520395,0.9709137755842647,0.9722111336913921,5,0.7777777777777777,0.7713675213675213,0.7927350427350426,5,0.7777777777777778,0.7713675213675214,0.7927350427350427,5
RF,10km,0.9743975903614458,0.973632068282274,0.9762030047902452,5,0.8059701492537314,0.7810945273631842,0.8159203980099503,5,0.8059701492537313,0.7810945273631841,0.8159203980099503,5
RF,1km,0.9123239947742777,0.8964769057958726,0.9154993467847292,5,0.7397260273972601,0.7313432835820897,0.7465753424657535,5,0.7397260273972603,0.7313432835820896,0.7465753424657534,5
RF,20km,0.9743941472336534,0.9722603261697913,0.976402598345188,5,0.7891566265060241,0.7777777777777777,0.7921686746987953,5,0.7891566265060241,0.7777777777777778,0.7921686746987951,5
RF,25km,0.9739368998628258,0.970304624150778,0.976070720926688,5,0.7981927710843373,0.7756410256410255,0.8034188034188032,5,0.7981927710843373,0.7756410256410257,0.8034188034188035,5
RF,5km,0.9736862714386405,0.9722020612570764,0.97580381768036,5,0.7611940298507462,0.7542735042735043,0.7810945273631842,5,0.7611940298507462,0.7542735042735043,0.7810945273631841,5
RF,Rinf,0.9731748209114465,0.969720213309957,0.9754610577655844,5,0.7777777777777777,0.7761194029850746,0.7921686746987953,5,0.7777777777777778,0.7761194029850746,0.7921686746987951,5
XGB,10km,0.9756134735558604,0.9724127419600671,0.9784000701723609,5,0.7901234567901234,0.7740963855421685,0.8132530120481927,5,0.7901234567901234,0.7740963855421686,0.8132530120481928,5
XGB,1km,0.9194004935404267,0.9055963961288086,0.9279505051296107,5,0.7228915662650603,0.6986301369863015,0.736318407960199,5,0.7228915662650602,0.6986301369863014,0.736318407960199,5
XGB,20km,0.9745790390477573,0.9734513274336283,0.977290047248895,5,0.7970085470085468,0.7876106194690267,0.8055555555555556,5,0.7970085470085471,0.7876106194690266,0.8055555555555556,5
XGB,25km,0.9743127887853396,0.9715760632893017,0.9776020048555093,5,0.791044776119403,0.7740963855421685,0.7981927710843375,5,0.791044776119403,0.7740963855421686,0.7981927710843373,5
XGB,5km,0.9718663811874002,0.9705702478936108,0.9763755525072397,5,0.7876106194690267,0.7699115044247788,0.7945205479452055,5,0.7876106194690266,0.7699115044247787,0.7945205479452055,5
XGB,Rinf,0.9756134735558604,0.9739995301119899,0.9784427096277453,5,0.7910447761194028,0.7810945273631842,0.7970085470085471,5,0.791044776119403,0.7810945273631841,0.7970085470085471,5
