fold,radius,seed,status
TH50,10km,0,complete
TH50,10km,1,complete
TH50,10km,2024,complete
TH50,10km,42,complete
TH50,10km,7,complete
TH50,1km,0,complete
TH50,1km,1,complete
TH50,1km,2024,complete
TH50,1km,42,complete
TH50,1km,7,complete
TH50,20km,0,complete
TH50,20km,1,complete
TH50,20km,2024,complete
TH50,20km,42,complete
TH50,20km,7,complete
TH50,25km,0,complete
TH50,25km,1,complete
TH50,25km,2024,complete
TH50,25km,42,complete
TH50,25km,7,complete
TH50,5km,0,complete
TH50,5km,1,complete
TH50,5km,2024,complete
TH50,5km,42,complete
TH50,5km,7,complete
TH50,Rinf,0,complete
TH50,Rinf,1,complete
TH50,Rinf,2024,complete
TH50,Rinf,42,complete
TH50,Rinf,7,complete
TH51,10km,0,complete
TH51,10km,1,complete
TH51,10km,2024,complete
TH51,10km,42,complete
TH51,10km,7,complete
TH51,1km,0,complete
TH51,1km,1,complete
TH51,1km,2024,complete
TH51,1km,42,complete
TH51,1km,7,complete
TH51,20km,0,complete
TH51,20km,1,complete
TH51,20km,2024,complete
TH51,20km,42,complete
TH51,20km,7,complete
TH51,25km,0,complete
TH51,25km,1,complete
TH51,25km,2024,complete
TH51,25km,42,complete
TH51,25km,7,complete
TH51,5km,0,complete
TH51,5km,1,complete
TH51,5km,2024,complete
TH51,5km,42,complete
TH51,5km,7,complete
TH51,Rinf,0,complete
TH51,Rinf,1,complete
TH51,Rinf,2024,complete
TH51,Rinf,42,complete
TH51,Rinf,7,complete
TH52,10km,0,complete
TH52,10km,1,complete
TH52,10km,2024,complete
TH52,10km,42,complete
TH52,10km,7,complete
TH52,1km,0,complete
TH52,1km,1,complete
TH52,1km,2024,complete
TH52,1km,42,complete
TH52,1km,7,complete
TH52,20km,0,complete
TH52,20km,1,complete
TH52,20km,2024,complete
TH52,20km,42,complete
TH52,20km,7,complete
TH52,25km,0,complete
TH52,25km,1,complete
TH52,25km,2024,complete
TH52,25km,42,complete
TH52,25km,7,complete
TH52,5km,0,complete
TH52,5km,1,complete
TH52,5km,2024,complete
TH52,5km,42,complete
TH52,5km,7,complete
TH52,Rinf,0,complete
TH52,Rinf,1,complete
TH52,Rinf,2024,complete
TH52,Rinf,42,complete
TH52,Rinf,7,complete
TH53,10km,0,complete
TH53,10km,1,complete
TH53,10km,2024,complete
TH53,10km,42,complete
TH53,10km,7,complete
TH53,1km,0,complete
TH53,1km,1,complete
TH53,1km,2024,complete
TH53,1km,42,complete
TH53,1km,7,complete
TH53,20km,0,complete
TH53,20km,1,complete
TH53,20km,2024,complete
TH53,20km,42,complete
TH53,20km,7,complete
TH53,25km,0,complete
TH53,25km,1,complete
TH53,25km,2024,complete
TH53,25km,42,complete
TH53,25km,7,complete
TH53,5km,0,complete
TH53,5km,1,complete
TH53,5km,2024,complete
TH53,5km,42,complete
TH53,5km,7,complete
TH53,Rinf,0,complete
TH53,Rinf,1,complete
TH53,Rinf,2024,complete
TH53,Rinf,42,complete
TH53,Rinf,7,complete
TH54,10km,0,complete
TH54,10km,1,complete
TH54,10km,2024,complete
TH54,10km,42,complete
TH54,10km,7,complete
TH54,1km,0,complete
TH54,1km,1,complete
TH54,1km,2024,complete
TH54,1km,42,complete
TH54,1km,7,complete
TH54,20km,0,complete
TH54,20km,1,complete
TH54,20km,2024,complete
TH54,20km,42,complete
TH54,20km,7,complete
TH54,25km,0,complete
TH54,25km,1,complete
TH54,25km,2024,complete
TH54,25km,42,complete
TH54,25km,7,complete
TH54,5km,0,complete
TH54,5km,1,complete
TH54,5km,2024,complete
TH54,5km,42,complete
TH54,5km,7,complete
TH54,Rinf,0,complete
TH54,Rinf,1,complete
TH54,Rinf,2024,complete
TH54,Rinf,42,complete
TH54,Rinf,7,complete
TH55,10km,0,complete
TH55,10km,1,complete
TH55,10km,2024,complete
TH55,10km,42,complete
TH55,10km,7,complete
TH55,1km,0,complete
TH55,1km,1,complete
TH55,1km,2024,complete
TH55,1km,42,complete
TH55,1km,7,complete
TH55,20km,0,complete
TH55,20km,1,complete
TH55,20km,2024,complete
TH55,20km,42,complete
TH55,20km,7,complete
TH55,25km,0,complete
TH55,25km,1,complete
TH55,25km,2024,complete
TH55,25km,42,complete
TH55,25km,7,complete
TH55,5km,0,complete
TH55,5km,1,complete
TH55,5km,2024,complete
TH55,5km,42,complete
TH55,5km,7,complete
TH55,Rinf,0,complete
TH55,Rinf,1,complete
TH55,Rinf,2024,complete
TH55,Rinf,42,complete
TH55,Rinf,7,complete
TH56,10km,0,complete
TH56,10km,1,complete
TH56,10km,2024,complete
TH56,10km,42,complete
TH56,10km,7,complete
TH56,1km,0,complete
TH56,1km,1,complete
TH56,1km,2024,complete
TH56,1km,42,complete
TH56,1km,7,complete
TH56,20km,0,complete
TH56,20km,1,complete
TH56,20km,2024,complete
TH56,20km,42,complete
TH56,20km,7,complete
TH56,25km,0,complete
TH56,25km,1,complete
TH56,25km,2024,complete
TH56,25km,42,complete
TH56,25km,7,complete
TH56,5km,0,complete
TH56,5km,1,complete
TH56,5km,2024,complete
TH56,5km,42,complete
TH56,5km,7,complete
TH56,Rinf,0,complete
TH56,Rinf,1,complete
TH56,Rinf,2024,complete
TH56,Rinf,42,complete
TH56,Rinf,7,complete
TH57,10km,0,complete
TH57,10km,1,complete
TH57,10km,2024,complete
TH57,10km,42,complete
TH57,10km,7,complete
TH57,1km,0,complete
TH57,1km,1,complete
TH57,1km,2024,complete
TH57,1km,42,complete
TH57,1km,7,complete
TH57,20km,0,complete
TH57,20km,1,complete
TH57,20km,2024,complete
TH57,20km,42,complete
TH57,20km,7,complete
TH57,25km,0,complete
TH57,25km,1,complete
TH57,25km,2024,complete
TH57,25km,42,complete
TH57,25km,7,complete
TH57,5km,0,complete
TH57,5km,1,complete
TH57,5km,2024,complete
TH57,5km,42,complete
TH57,5km,7,complete
TH57,Rinf,0,complete
TH57,Rinf,1,complete
TH57,Rinf,2024,complete
TH57,Rinf,42,complete
TH57,Rinf,7,complete
TH58,10km,0,complete
TH58,10km,1,complete
TH58,10km,2024,complete
TH58,10km,42,complete
TH58,10km,7,complete
TH58,1km,0,complete
TH58,1km,1,complete
TH58,1km,2024,complete
TH58,1km,42,complete
TH58,1km,7,complete
TH58,20km,0,complete
TH58,20km,1,complete
TH58,20km,2024,complete
TH58,20km,42,complete
TH58,20km,7,complete
TH58,25km,0,complete
TH58,25km,1,complete
TH58,25km,2024,complete
TH58,25km,42,complete
TH58,25km,7,complete
TH58,5km,0,complete
TH58,5km,1,complete
TH58,5km,2024,complete
TH58,5km,42,complete
TH58,5km,7,complete
TH58,Rinf,0,complete
TH58,Rinf,1,complete
TH58,Rinf,2024,complete
TH58,Rinf,42,complete
TH58,Rinf,7,complete
