learner,radius,seed,auc_median,auc_min,auc_q25,auc_q75,auc_max,auc_count,tss_median,tss_min,tss_q25,tss_q75,tss_max,tss_count,kappa_median,kappa_min,kappa_q25,kappa_q75,kappa_max,kappa_count
LR,10km,0,0.9724651618522282,0.9511874321958775,0.960524310318549,0.9740121039515843,0.9834865828485644,9,0.7761194029850746,0.6603773584905661,0.732905982905983,0.7951807228915664,0.831858407079646,9,0.7761194029850746,0.6603773584905661,0.732905982905983,0.7951807228915663,0.831858407079646,9
LR,10km,1,0.9720296850050805,0.9512578364764578,0.9600670629477215,0.9736463800320649,0.9826890598611373,9,0.7590361445783134,0.6690518783542041,0.7412935323383083,0.8178807947019866,0.8287671232876712,9,0.7590361445783133,0.6690518783542039,0.7412935323383085,0.8178807947019868,0.8287671232876712,9
LR,10km,7,0.9714036870373058,0.951235435114455,0.958085657674135,0.9740121039515843,0.9839557140176393,9,0.7620481927710845,0.6792452830188678,0.7286324786324787,0.8150684931506849,0.8407079646017699,9,0.7620481927710844,0.679245283018868,0.7286324786324787,0.815068493150685,0.8407079646017699,9
LR,10km,42,0.9723744375090725,0.9501889714894663,0.9612863892699284,0.9738632321194489,0.9843310189528991,9,0.7901234567901234,0.6601073345259392,0.7478632478632479,0.7964601769911503,0.8287671232876712,9,0.7901234567901234,0.6601073345259392,0.7478632478632479,0.7964601769911505,0.8287671232876712,9
LR,10km,2024,0.9714944113804616,0.9513058393950352,0.9623532998018594,0.9740121039515843,0.9841433664852692,9,0.7960199004975124,0.6976744186046511,0.7371794871794872,0.8189845474613686,0.8698630136986301,9,0.7960199004975125,0.6976744186046512,0.7371794871794872,0.8189845474613686,0.8698630136986302,9
LR,1km,0,0.886297820454199,0.8438527284681131,0.8604485582057673,0.9100164460803508,0.9308692601201702,9,0.6643835616438356,0.5283018867924527,0.6010733452593917,0.7018072289156625,0.8141592920353982,9,0.6643835616438356,0.5283018867924528,0.6010733452593917,0.7018072289156627,0.8141592920353982,9
LR,1km,1,0.8959198057796225,0.8515485938056249,0.8726030024106947,0.9130699943704259,0.9237825826352644,9,0.6865671641791047,0.49056603773584895,0.6260683760683761,0.7218543046357615,0.7876106194690267,9,0.6865671641791045,0.49056603773584906,0.6260683760683761,0.7218543046357616,0.7876106194690266,9
LR,1km,7,0.887669562566682,0.8623301555993863,0.8729298741363476,0.9033589791705761,0.9205261465140419,9,0.6790123456790123,0.509433962264151,0.6303418803418803,0.7014925373134329,0.8053097345132743,9,0.6790123456790124,0.5094339622641509,0.6303418803418803,0.7014925373134329,0.8053097345132744,9
LR,1km,42,0.8904130467916476,0.8312566749733001,0.8711153638141198,0.9139116707795035,0.9214483770205011,9,0.691358024691358,0.37735849056603765,0.6196581196581197,0.7064676616915424,0.7610619469026547,9,0.691358024691358,0.37735849056603776,0.6196581196581197,0.7064676616915423,0.7610619469026548,9
LR,1km,2024,0.892662788515669,0.8305446778212887,0.8732952154649637,0.9140374942844078,0.9270243995146411,9,0.6712328767123288,0.4716981132075473,0.6068376068376069,0.6942604856512142,0.8141592920353982,9,0.6712328767123288,0.4716981132075472,0.6068376068376069,0.6942604856512141,0.8141592920353982,9
LR,20km,0,0.971721222238351,0.9508514117658354,0.9596071663379355,0.9736695271649879,0.9861137173953837,9,0.7564102564102564,0.6603773584905661,0.7407407407407407,0.8230088495575221,0.8767123287671232,9,0.7564102564102564,0.6603773584905661,0.7407407407407407,0.8230088495575221,0.8767123287671232,9
LR,20km,1,0.9717938017128757,0.9507042028155313,0.9609815576893765,0.973216383428616,0.9835804090823794,9,0.7761194029850746,0.6792452830188678,0.7735042735042734,0.7876106194690264,0.8904109589041096,9,0.7761194029850746,0.679245283018868,0.7735042735042735,0.7876106194690266,0.8904109589041096,9
LR,20km,7,0.9705327333430105,0.9510402232455732,0.9591368982394622,0.973855922498526,0.9855507599924939,9,0.7585470085470085,0.6226415094339623,0.7407407407407407,0.8289183222958056,0.8698630136986301,9,0.7585470085470085,0.6226415094339622,0.7407407407407407,0.8289183222958058,0.8698630136986302,9
LR,20km,42,0.9717756568442445,0.9493377197333597,0.9615912208504801,0.9740362264812946,0.9849408894726965,9,0.7735042735042734,0.6603773584905661,0.7620481927710845,0.8159203980099503,0.8767123287671232,9,0.7735042735042735,0.6603773584905661,0.7620481927710844,0.8159203980099503,0.8767123287671232,9
LR,20km,2024,0.9720115401364494,0.9509122154627002,0.9607714223098839,0.97436810252759,0.9853631075248639,9,0.7799145299145298,0.6981132075471699,0.7160493827160495,0.8233995584988962,0.8767123287671232,9,0.7799145299145299,0.6981132075471699,0.7160493827160495,0.8233995584988962,0.8767123287671232,9
LR,25km,0,0.9715942081579328,0.9507490055395368,0.9606767261088248,0.9747241011035956,0.9862075436291988,9,0.7860696517412935,0.6603773584905661,0.7406082289803222,0.8230088495575223,0.8630136986301369,9,0.7860696517412935,0.6603773584905661,0.740608228980322,0.8230088495575221,0.863013698630137,9
LR,25km,1,0.9718300914501379,0.9506754010643848,0.9610134049236614,0.9730597540919413,0.9841902796021769,9,0.7876106194690264,0.6603773584905661,0.765432098765432,0.7960199004975124,0.8904109589041096,9,0.7876106194690266,0.6603773584905661,0.7654320987654322,0.7960199004975125,0.8904109589041096,9
LR,25km,7,0.9707686166352155,0.9506754010643846,0.9601641829205932,0.9740121039515843,0.9858791518108463,9,0.7863247863247862,0.6226415094339623,0.7407407407407407,0.8300220750551877,0.8767123287671232,9,0.7863247863247863,0.6226415094339622,0.7407407407407407,0.8300220750551877,0.8767123287671232,9
LR,25km,42,0.971893598490347,0.949465727516233,0.9614388050602042,0.9739424196794488,0.9854100206417713,9,0.7777777777777777,0.6792452830188678,0.7560240963855422,0.8053097345132745,0.8904109589041096,9,0.7777777777777778,0.679245283018868,0.7560240963855421,0.8053097345132744,0.8904109589041096,9
LR,25km,2024,0.9718845260560313,0.9507650065123959,0.9610727591496824,0.9734270914043731,0.9855976731094014,9,0.7841880341880341,0.6603773584905661,0.7441860465116279,0.8245033112582782,0.8767123287671232,9,0.7841880341880342,0.6603773584905661,0.7441860465116279,0.8245033112582781,0.8767123287671232,9
LR,5km,0,0.9704521181915273,0.9471701731317116,0.9594573997866179,0.9723927800437602,0.9826890598611371,9,0.7263681592039801,0.6037735849056602,0.6369863013698631,0.7951807228915664,0.8068432671081678,9,0.7263681592039801,0.6037735849056604,0.636986301369863,0.7951807228915663,0.8068432671081678,9
LR,5km,1,0.9700961196155216,0.9498721522268553,0.9590001524157903,0.9715509553674546,0.9807656220679302,9,0.7051282051282053,0.597495527728086,0.6603773584905661,0.7699115044247788,0.7991169977924946,9,0.7051282051282051,0.5974955277280858,0.6603773584905661,0.7699115044247787,0.7991169977924945,9
LR,5km,7,0.9686721253114988,0.9494347651398933,0.9570187471422039,0.9709893328265331,0.9829236254456746,9,0.7191780821917808,0.592128801431127,0.7136752136752138,0.7777777777777777,0.7969094922737308,9,0.7191780821917808,0.592128801431127,0.7136752136752137,0.7777777777777778,0.7969094922737306,9
LR,5km,42,0.9697401210395159,0.9485855431368252,0.9590001524157903,0.9722953184314528,0.9825483205104146,9,0.7094017094017095,0.5903398926654742,0.6603773584905661,0.7256637168141593,0.7991169977924946,9,0.7094017094017093,0.590339892665474,0.6603773584905661,0.7256637168141593,0.7991169977924945,9
LR,5km,2024,0.9694531136594572,0.9487955657827453,0.9597622313671696,0.9717751170757618,0.9839088009007319,9,0.6965174129353233,0.5939177101967799,0.6849315068493151,0.7407407407407407,0.8013245033112582,9,0.6965174129353233,0.59391771019678,0.6849315068493151,0.7407407407407407,0.8013245033112583,9
LR,Rinf,0,0.9716395703295109,0.9506754010643846,0.960524310318549,0.9743681025275899,0.9861137173953838,9,0.7927350427350426,0.6226415094339623,0.7584973166368516,0.8333333333333335,0.8424657534246576,9,0.7927350427350427,0.6226415094339622,0.7584973166368515,0.8333333333333334,0.8424657534246576,9
LR,Rinf,1,0.9722111336913921,0.9503457810234862,0.9609586164073343,0.9728248100869292,0.9845186714205292,9,0.7777777777777777,0.5849056603773586,0.765432098765432,0.8233995584988962,0.8972602739726028,9,0.7777777777777778,0.5849056603773585,0.7654320987654322,0.8233995584988962,0.8972602739726028,9
LR,Rinf,7,0.9709137755842647,0.9502305740189003,0.960438125502228,0.9738429007753153,0.9858322386939389,9,0.7777777777777777,0.6226415094339623,0.7407407407407407,0.8300220750551877,0.8972602739726028,9,0.7777777777777778,0.6226415094339622,0.7407407407407407,0.8300220750551877,0.8972602739726028,9
LR,Rinf,42,0.9715397735520395,0.9489056934661628,0.960524310318549,0.9736256694394495,0.9854569337586789,9,0.7777777777777777,0.6792452830188678,0.7439759036144578,0.8053097345132743,0.8904109589041096,9,0.7777777777777778,0.679245283018868,0.7439759036144578,0.8053097345132744,0.8904109589041096,9
LR,Rinf,2024,0.9714399767745682,0.950726604177534,0.9616571699905034,0.9736561053755786,0.9857384124601238,9,0.7713675213675213,0.6226415094339623,0.7530120481927711,0.8230088495575221,0.8767123287671232,9,0.7713675213675214,0.6226415094339622,0.7530120481927711,0.8230088495575221,0.8767123287671232,9
RF,10km,0,0.9743975903614458,0.9534851718984514,0.9664329023303383,0.977290047248895,0.9925240299038804,9,0.8059701492537314,0.5849056603773586,0.767094017094017,0.822289156626506,0.8407079646017699,9,0.8059701492537313,0.5849056603773585,0.767094017094017,0.822289156626506,0.8407079646017699,9
RF,10km,1,0.9757584555087822,0.9513698432864719,0.9692088538242386,0.9809480262155159,0.9925240299038804,9,0.8072289156626504,0.6887298747763864,0.7863247863247862,0.8271604938271606,0.8761061946902653,9,0.8072289156626506,0.6887298747763864,0.7863247863247863,0.8271604938271605,0.8761061946902655,9
RF,10km,7,0.9742344741170021,0.9526275197532009,0.9693686536635255,0.9774973319883632,0.9928800284798861,9,0.8159203980099503,0.6037735849056602,0.7649572649572649,0.8355408388520971,0.8761061946902653,9,0.8159203980099503,0.6037735849056604,0.7649572649572649,0.8355408388520971,0.8761061946902655,9
RF,10km,42,0.9762030047902452,0.9527491271469305,0.967250164365549,0.9778997104099985,0.9939480242079032,9,0.7810945273631842,0.6037735849056602,0.7628205128205128,0.8042168674698795,0.8672566371681416,9,0.7810945273631841,0.6037735849056604,0.7628205128205128,0.8042168674698795,0.8672566371681416,9
RF,10km,2024,0.973632068282274,0.9521122884271364,0.9692271166630141,0.9766713448240575,0.9943040227839088,9,0.8013698630136985,0.641509433962264,0.7735042735042734,0.8148148148148149,0.8761061946902655,9,0.8013698630136986,0.6415094339622642,0.7735042735042735,0.8148148148148149,0.8761061946902655,9
RF,1km,0,0.8964769057958726,0.8636704822668417,0.8908937897576793,0.9191555378139062,0.940402537395254,9,0.7397260273972601,0.5471698113207548,0.6869409660107335,0.7964601769911503,0.8148148148148149,9,0.7397260273972603,0.5471698113207547,0.6869409660107335,0.7964601769911505,0.8148148148148149,9
RF,1km,1,0.9127249325511744,0.8442753319401819,0.8881459573232691,0.9243480303860914,0.9369882520469919,9,0.7397260273972603,0.6226415094339623,0.6965811965811965,0.8013245033112582,0.8395061728395061,9,0.7397260273972603,0.6226415094339622,0.6965811965811965,0.8013245033112583,0.8395061728395061,9
RF,1km,7,0.9154993467847292,0.8620620133704129,0.8988421360216232,0.9202865416857187,0.9248843004627982,9,0.7465753424657535,0.6603773584905661,0.7136752136752138,0.7680722891566265,0.8141592920353982,9,0.7465753424657534,0.6603773584905661,0.7136752136752137,0.7680722891566265,0.8141592920353982,9
RF,1km,42,0.9123239947742777,0.8740883445713499,0.9047775586237126,0.9299866865063827,0.9448202207191172,9,0.7328767123287672,0.6226415094339623,0.700854700854701,0.7913907284768211,0.8395061728395061,9,0.7328767123287672,0.6226415094339622,0.7008547008547008,0.7913907284768211,0.8395061728395061,9
RF,1km,2024,0.910845779423389,0.8723963220116344,0.9037411425231938,0.9263831732967536,0.9337887676047623,9,0.7313432835820897,0.6037735849056602,0.6762075134168157,0.7902869757174393,0.8271604938271604,9,0.7313432835820896,0.6037735849056604,0.6762075134168157,0.7902869757174393,0.8271604938271605,9
RF,20km,0,0.9743941472336534,0.9504097849149228,0.9674373584629995,0.9781564161415922,0.9935920256318975,9,0.7891566265060241,0.6037735849056602,0.7606837606837606,0.8289183222958059,0.8561643835616439,9,0.7891566265060241,0.6037735849056604,0.7606837606837606,0.8289183222958058,0.8561643835616438,9
RF,20km,1,0.976402598345188,0.9532163555544177,0.969071882533421,0.9774997685286708,0.9932360270558918,9,0.7891566265060241,0.6226415094339623,0.7711442786069651,0.8287671232876712,0.8672566371681416,9,0.7891566265060241,0.6226415094339622,0.7711442786069651,0.8287671232876712,0.8672566371681416,9
RF,20km,7,0.9722603261697913,0.9518338714993871,0.9702407042150633,0.9775046416092862,0.9914560341758634,9,0.7901234567901234,0.6603773584905661,0.7606837606837606,0.8355408388520971,0.8493150684931505,9,0.7901234567901234,0.6603773584905661,0.7606837606837606,0.8355408388520971,0.8493150684931507,9
RF,20km,42,0.975252564805388,0.9520674857031308,0.9675012783987144,0.9770898206219025,0.9943040227839088,9,0.7777777777777777,0.6603773584905661,0.7611940298507462,0.8311258278145695,0.8767123287671232,9,0.7777777777777778,0.6603773584905661,0.7611940298507462,0.8311258278145696,0.8767123287671232,9
RF,20km,2024,0.9739212154436525,0.9507106032046748,0.9679532836584118,0.9783793595797455,0.9943040227839088,9,0.7921686746987953,0.5849056603773586,0.7756410256410255,0.8287671232876712,0.8495575221238938,9,0.7921686746987951,0.5849056603773585,0.7756410256410257,0.8287671232876712,0.8495575221238938,9
RF,25km,0,0.9739368998628258,0.9515714555444972,0.9677341295931039,0.9780211881545157,0.9932360270558918,9,0.7860696517412935,0.641509433962264,0.7585470085470085,0.8300220750551877,0.8561643835616439,9,0.7860696517412935,0.6415094339622642,0.7585470085470085,0.8300220750551877,0.8561643835616438,9
RF,25km,1,0.976070720926688,0.9523843049657419,0.968428117466579,0.9771269778615946,0.9932360270558918,9,0.8034188034188032,0.6603773584905661,0.7777777777777777,0.822289156626506,0.8495575221238938,9,0.8034188034188035,0.6603773584905661,0.7777777777777778,0.822289156626506,0.8495575221238938,9
RF,25km,7,0.970304624150778,0.9530563458258262,0.9690595945739978,0.9776873821323626,0.990744037023852,9,0.8009950248756219,0.6226415094339623,0.7530120481927711,0.8344370860927153,0.8630136986301369,9,0.8009950248756219,0.6226415094339622,0.7530120481927711,0.8344370860927153,0.863013698630137,9
RF,25km,42,0.9749393061320385,0.9519106761691111,0.9672821243334063,0.9773024087637481,0.9928800284798861,9,0.7756410256410255,0.6037735849056602,0.7650602409638554,0.8322295805739515,0.8835616438356164,9,0.7756410256410257,0.6037735849056604,0.7650602409638554,0.8322295805739515,0.8835616438356164,9
RF,25km,2024,0.9738895340397736,0.9514466479561957,0.9673140843012638,0.978297735479438,0.9935920256318975,9,0.7981927710843373,0.5849056603773586,0.7810945273631842,0.821917808219178,0.8495575221238938,9,0.7981927710843373,0.5849056603773585,0.7810945273631841,0.821917808219178,0.8495575221238938,9
RF,5km,0,0.9736862714386405,0.9508386109875481,0.9662384594440732,0.98079561042524,0.9846124976543442,9,0.7611940298507462,0.6603773584905661,0.7457264957264957,0.8322295805739515,0.8407079646017699,9,0.7611940298507462,0.6603773584905661,0.7457264957264957,0.8322295805739515,0.8407079646017699,9
RF,5km,1,0.97580381768036,0.9476736185560082,0.9661498283293155,0.9803383630544124,0.9868280526877893,9,0.7810945273631842,0.6226415094339623,0.7465753424657535,0.8407079646017699,0.8518518518518516,9,0.7810945273631841,0.6226415094339622,0.7465753424657534,0.8407079646017699,0.8518518518518519,9
RF,5km,7,0.9739258237770358,0.9498081483354188,0.9659945941997223,0.9807956104252401,0.9828297992118596,9,0.7661691542288556,0.6726296958855098,0.7602739726027399,0.8271604938271606,0.8584070796460177,9,0.7661691542288558,0.6726296958855098,0.7602739726027398,0.8271604938271605,0.8584070796460177,9
RF,5km,42,0.9722020612570764,0.9490273008598923,0.9655562860691066,0.9785093735711019,0.9864720541117836,9,0.7602739726027399,0.641509433962264,0.75,0.8271604938271606,0.8407079646017699,9,0.7602739726027398,0.6415094339622642,0.75,0.8271604938271605,0.8407079646017699,9
RF,5km,2024,0.9726647554071709,0.9506145973675201,0.9683231061436189,0.9765279682975156,0.9850480598077609,9,0.7542735042735043,0.6618962432915922,0.7412935323383083,0.8141592920353982,0.8333333333333333,9,0.7542735042735043,0.6618962432915921,0.7412935323383085,0.8141592920353982,0.8333333333333334,9
RF,Rinf,0,0.9731748209114465,0.9515650551553535,0.9675788954635108,0.978297735479438,0.9935920256318975,9,0.7777777777777777,0.6226415094339623,0.7711442786069651,0.821917808219178,0.8495575221238938,9,0.7777777777777778,0.6226415094339622,0.7711442786069651,0.821917808219178,0.8495575221238938,9
RF,Rinf,1,0.9754610577655844,0.9534051670341557,0.968154174884944,0.9777044379145163,0.9935920256318975,9,0.7901234567901234,0.5849056603773586,0.7710843373493974,0.8300220750551877,0.8767123287671232,9,0.7901234567901234,0.5849056603773585,0.7710843373493976,0.8300220750551877,0.8767123287671232,9
RF,Rinf,7,0.969720213309957,0.9521026878434209,0.9666379512882763,0.9774546925329786,0.9925240299038804,9,0.7777777777777777,0.6792452830188678,0.7549194991055455,0.8344370860927153,0.8630136986301369,9,0.7777777777777778,0.679245283018868,0.7549194991055457,0.8344370860927153,0.863013698630137,9
RF,Rinf,42,0.9750959354687133,0.9521282893999955,0.9682500547885163,0.9770209883582104,0.9946600213599146,9,0.7761194029850746,0.641509433962264,0.7680722891566265,0.8278145695364238,0.8698630136986303,9,0.7761194029850746,0.6415094339622642,0.7680722891566265,0.8278145695364238,0.8698630136986302,9
RF,Rinf,2024,0.9723562926404413,0.9503041784940524,0.9676656439476953,0.9783415932049765,0.9946600213599145,9,0.7921686746987953,0.5849056603773586,0.7820512820512822,0.8322295805739515,0.8835616438356164,9,0.7921686746987951,0.5849056603773585,0.782051282051282,0.8322295805739515,0.8835616438356164,9
XGB,10km,0,0.9756134735558604,0.9508354107929762,0.9644468186134852,0.9800386435292798,0.9897260273972603,9,0.7740963855421685,0.6833631484794276,0.7585470085470085,0.8059701492537314,0.8287671232876712,9,0.7740963855421686,0.6833631484794276,0.7585470085470085,0.8059701492537313,0.8287671232876712,9
XGB,10km,1,0.9754875088104004,0.9476128148591435,0.9675651983344291,0.9826245999085506,0.9914148996059298,9,0.8132530120481927,0.665474060822898,0.7562189054726369,0.8150684931506849,0.831858407079646,9,0.8132530120481928,0.665474060822898,0.7562189054726368,0.815068493150685,0.831858407079646,9
XGB,10km,7,0.9784000701723609,0.9476032142754278,0.9668849075900358,0.9794815568956066,0.9935920256318975,9,0.8024691358024691,0.6404293381037567,0.7512437810945274,0.822289156626506,0.8424657534246576,9,0.8024691358024691,0.6404293381037567,0.7512437810945274,0.822289156626506,0.8424657534246576,9
XGB,10km,42,0.9756134735558604,0.9515298530150632,0.9673277814303456,0.9797165009006187,0.9893200427198292,9,0.7901234567901234,0.6037735849056602,0.7412935323383083,0.8311258278145695,0.8561643835616439,9,0.7901234567901234,0.6037735849056604,0.7412935323383085,0.8311258278145696,0.8561643835616438,9
XGB,10km,2024,0.9724127419600671,0.9470623813927886,0.9655151946818613,0.9789568196326671,0.9898198536310752,9,0.7787610619469025,0.6905187835420392,0.7263681592039801,0.8072289156626506,0.8443708609271523,9,0.7787610619469026,0.6905187835420394,0.7263681592039801,0.8072289156626506,0.8443708609271523,9
XGB,1km,0,0.9055963961288086,0.8341046635813457,0.8945458031996494,0.927647336333285,0.9529906095736541,9,0.6986301369863015,0.5471698113207548,0.6303418803418803,0.7637969094922736,0.8230088495575221,9,0.6986301369863014,0.5471698113207547,0.6303418803418803,0.7637969094922737,0.8230088495575221,9
XGB,1km,1,0.9194004935404267,0.882252040924088,0.9046497187522828,0.9312397211997807,0.9428440786465478,9,0.7228915662650603,0.6037735849056602,0.6688034188034186,0.7534246575342465,0.7964601769911503,9,0.7228915662650602,0.6037735849056604,0.6688034188034189,0.7534246575342466,0.7964601769911505,9
XGB,1km,7,0.9279505051296107,0.8912445876709305,0.9248590153939947,0.9312922748309007,0.9432809964475243,9,0.7263681592039801,0.6153846153846154,0.6986301369863015,0.7626931567328918,0.7964601769911503,9,0.7263681592039801,0.6153846153846154,0.6986301369863014,0.7626931567328918,0.7964601769911505,9
XGB,1km,42,0.9238187690521121,0.8821644713421146,0.9021380499934395,0.9383663560184822,0.9528773104493466,9,0.7064676616915424,0.5471698113207548,0.670940170940171,0.7814569536423841,0.8230088495575221,9,0.7064676616915423,0.5471698113207547,0.670940170940171,0.7814569536423841,0.8230088495575221,9
XGB,1km,2024,0.9163533142815083,0.8803844784620862,0.9094437139308934,0.9328843292348658,0.9483310470964792,9,0.736318407960199,0.5831842576028623,0.6981132075471699,0.7450331125827814,0.8271604938271604,9,0.736318407960199,0.5831842576028623,0.6981132075471699,0.7450331125827814,0.8271604938271605,9
XGB,20km,0,0.9734513274336283,0.9522018938751475,0.9651741293532339,0.9799095068929725,0.9901951585663351,9,0.7876106194690267,0.6037735849056602,0.7761194029850746,0.8024691358024691,0.8972602739726026,9,0.7876106194690266,0.6037735849056604,0.7761194029850746,0.8024691358024691,0.8972602739726028,9
XGB,20km,1,0.9762231367169638,0.9473279975422505,0.968713645701839,0.9783452480154379,0.9925240299038804,9,0.8009950248756219,0.6226415094339623,0.7841880341880341,0.8178807947019866,0.8835616438356164,9,0.8009950248756219,0.6226415094339622,0.7841880341880342,0.8178807947019868,0.8835616438356164,9
XGB,20km,7,0.977290047248895,0.9487072814027093,0.9689029512747461,0.978739967545283,0.9932360270558918,9,0.7970085470085468,0.7101967799642219,0.7530864197530864,0.8278145695364238,0.8698630136986301,9,0.7970085470085471,0.7101967799642218,0.7530864197530864,0.8278145695364238,0.8698630136986302,9
XGB,20km,42,0.9745790390477573,0.95061459736752,0.9666209419295839,0.9777604783415931,0.9882520469918121,9,0.8055555555555556,0.6226415094339623,0.736318407960199,0.8289183222958059,0.8835616438356164,9,0.8055555555555556,0.6226415094339622,0.736318407960199,0.8289183222958058,0.8835616438356164,9
XGB,20km,2024,0.9743911034536769,0.9494721279053767,0.9652458178099205,0.9791249409138975,0.9925408144117095,9,0.7921686746987953,0.6037735849056602,0.7661691542288558,0.8141592920353982,0.8904109589041096,9,0.7921686746987951,0.6037735849056604,0.7661691542288558,0.8141592920353982,0.8904109589041096,9
XGB,25km,0,0.9727464954185919,0.9496193368556809,0.9642830623004381,0.979961892509588,0.9902420716832427,9,0.791044776119403,0.6603773584905661,0.7777777777777777,0.8233995584988962,0.9109589041095889,9,0.791044776119403,0.6603773584905661,0.7777777777777778,0.8233995584988962,0.910958904109589,9
XGB,25km,1,0.9776020048555093,0.944985455115671,0.9679463379619317,0.9789666209419295,0.9935920256318975,9,0.7948717948717947,0.5849056603773586,0.786144578313253,0.815673289183223,0.8698630136986303,9,0.7948717948717949,0.5849056603773585,0.786144578313253,0.815673289183223,0.8698630136986302,9
XGB,25km,7,0.9760850631441428,0.9455742909168878,0.9683596318211702,0.9779828126446695,0.9960840156639373,9,0.7891566265060241,0.6792452830188678,0.7777777777777777,0.8222958057395142,0.8630136986301369,9,0.7891566265060241,0.679245283018868,0.7777777777777778,0.8222958057395143,0.863013698630137,9
XGB,25km,42,0.9743127887853396,0.9469215728316281,0.9679926840420667,0.9775143877705169,0.9903880384478463,9,0.7981927710843375,0.5849056603773586,0.736318407960199,0.8141592920353982,0.8767123287671232,9,0.7981927710843373,0.5849056603773585,0.736318407960199,0.8141592920353982,0.8767123287671232,9
XGB,25km,2024,0.9715760632893017,0.948409663307529,0.9646431441303237,0.9792833160338971,0.9934790767498592,9,0.7740963855421685,0.5283018867924527,0.7711442786069651,0.8053097345132745,0.9109589041095889,9,0.7740963855421686,0.5283018867924528,0.7711442786069651,0.8053097345132744,0.910958904109589,9
XGB,5km,0,0.9734722020612571,0.9413564344712159,0.9639612880869286,0.9761923408254366,0.9880840683054982,9,0.7808219178082192,0.586762075134168,0.736318407960199,0.8271604938271604,0.831858407079646,9,0.7808219178082192,0.5867620751341682,0.736318407960199,0.8271604938271605,0.831858407079646,9
XGB,5km,1,0.9763755525072397,0.9389530883477715,0.9668921324314703,0.976720133546233,0.9864421092137362,9,0.7945205479452055,0.5903398926654742,0.7628205128205128,0.82560706401766,0.9012345679012346,9,0.7945205479452055,0.590339892665474,0.7628205128205128,0.82560706401766,0.9012345679012346,9
XGB,5km,7,0.9718663811874002,0.9461599265235325,0.9636523851267441,0.975644138147075,0.9834865828485644,9,0.7699115044247788,0.6404293381037567,0.7457264957264957,0.8150684931506849,0.8395061728395061,9,0.7699115044247787,0.6404293381037567,0.7457264957264957,0.815068493150685,0.8395061728395061,9
XGB,5km,42,0.9717302946726665,0.9444702237896065,0.9631364599313317,0.975081502273292,0.9850347157065116,9,0.7876106194690267,0.6153846153846154,0.7363184079601992,0.8150684931506849,0.8300220750551877,9,0.7876106194690266,0.6153846153846154,0.736318407960199,0.815068493150685,0.8300220750551877,9
XGB,5km,2024,0.9705702478936108,0.9360089093416879,0.9660219884578859,0.975252564805388,0.9876618502533309,9,0.7945205479452055,0.6153846153846154,0.7263681592039801,0.8053097345132743,0.8271604938271606,9,0.7945205479452055,0.6153846153846154,0.7263681592039801,0.8053097345132744,0.8271604938271605,9
XGB,Rinf,0,0.9756134735558604,0.9472511928725267,0.964519869968588,0.9799277809452803,0.9903880384478463,9,0.7970085470085471,0.6226415094339623,0.7740963855421688,0.8278145695364238,0.8698630136986301,9,0.7970085470085471,0.6226415094339622,0.7740963855421686,0.8278145695364238,0.8698630136986302,9
XGB,Rinf,1,0.9784427096277453,0.9448478467490824,0.9668820078710924,0.9799514449056308,0.9943040227839088,9,0.7910447761194028,0.5849056603773586,0.7530864197530862,0.8211920529801326,0.8698630136986303,9,0.791044776119403,0.5849056603773585,0.7530864197530864,0.8211920529801324,0.8698630136986302,9
XGB,Rinf,7,0.9740893156531016,0.945702298699761,0.9692499452114836,0.9778664678449775,0.9964400142399431,9,0.7810945273631842,0.5849056603773586,0.7379518072289155,0.8222958057395142,0.8698630136986301,9,0.7810945273631841,0.5849056603773585,0.7379518072289157,0.8222958057395143,0.8698630136986302,9
XGB,Rinf,42,0.975644138147075,0.946508747731862,0.9664602965885017,0.9772536779575944,0.9875400498398007,9,0.7921686746987953,0.5849056603773586,0.7462686567164178,0.815673289183223,0.8767123287671232,9,0.7921686746987951,0.5849056603773585,0.7462686567164178,0.815673289183223,0.8767123287671232,9
XGB,Rinf,2024,0.9739995301119899,0.9484448654478193,0.967085798816568,0.9784926587040529,0.9931037718145994,9,0.786144578313253,0.4528301886792452,0.7799145299145298,0.831858407079646,0.8835616438356164,9,0.786144578313253,0.4528301886792453,0.7799145299145299,0.831858407079646,0.8835616438356164,9
