comparison,province,pair,model_a,model_b,seed_a,seed_b,jaccard_top10
between_learners_same_seed,TH50,RF-LR,RF,LR,0,0,0.6848030018761726
between_learners_same_seed,TH50,RF-LR,RF,LR,1,1,0.6209144240618307
between_learners_same_seed,TH50,RF-LR,RF,LR,7,7,0.6575127138233934
between_learners_same_seed,TH50,RF-LR,RF,LR,42,42,0.682843137254902
between_learners_same_seed,TH50,RF-LR,RF,LR,2024,2024,0.6621621621621622
between_learners_same_seed,TH50,RF-XGB,RF,XGB,0,0,0.6630371940643669
between_learners_same_seed,TH50,RF-XGB,RF,XGB,1,1,0.6669541055858963
between_learners_same_seed,TH50,RF-XGB,RF,XGB,7,7,0.6867001611527159
between_learners_same_seed,TH50,RF-XGB,RF,XGB,42,42,0.7212358310763366
between_learners_same_seed,TH50,RF-XGB,RF,XGB,2024,2024,0.711073858593827
between_learners_same_seed,TH50,XGB-LR,XGB,LR,0,0,0.6018170138570249
between_learners_same_seed,TH50,XGB-LR,XGB,LR,1,1,0.5901902975073707
between_learners_same_seed,TH50,XGB-LR,XGB,LR,7,7,0.6352753391859537
between_learners_same_seed,TH50,XGB-LR,XGB,LR,42,42,0.6468831653602091
between_learners_same_seed,TH50,XGB-LR,XGB,LR,2024,2024,0.646319737458978
within_learner_different_seeds,TH50,LR,LR,LR,0,1,0.9620635631154879
within_learner_different_seeds,TH50,LR,LR,LR,0,7,0.9250026861502095
within_learner_different_seeds,TH50,LR,LR,LR,0,2024,0.9651905957543939
within_learner_different_seeds,TH50,LR,LR,LR,1,7,0.9449374532235646
within_learner_different_seeds,TH50,LR,LR,LR,1,2024,0.9579182988248461
within_learner_different_seeds,TH50,LR,LR,LR,7,2024,0.922051392323406
within_learner_different_seeds,TH50,LR,LR,LR,42,0,0.9374028856825749
within_learner_different_seeds,TH50,LR,LR,LR,42,1,0.9327447133202529
within_learner_different_seeds,TH50,LR,LR,LR,42,7,0.938985228002569
within_learner_different_seeds,TH50,LR,LR,LR,42,2024,0.939100423068359
within_learner_different_seeds,TH50,RF,RF,RF,0,1,0.8204880146189402
within_learner_different_seeds,TH50,RF,RF,RF,0,7,0.8412424503882657
within_learner_different_seeds,TH50,RF,RF,RF,0,2024,0.8223883831816211
within_learner_different_seeds,TH50,RF,RF,RF,1,7,0.8422353573347663
within_learner_different_seeds,TH50,RF,RF,RF,1,2024,0.8361422202892248
within_learner_different_seeds,TH50,RF,RF,RF,7,2024,0.8517350157728707
within_learner_different_seeds,TH50,RF,RF,RF,42,0,0.842967032967033
within_learner_different_seeds,TH50,RF,RF,RF,42,1,0.8112497311249731
within_learner_different_seeds,TH50,RF,RF,RF,42,7,0.8415229417507322
within_learner_different_seeds,TH50,RF,RF,RF,42,2024,0.8301411841961256
within_learner_different_seeds,TH50,XGB,XGB,XGB,0,1,0.7589081885856079
within_learner_different_seeds,TH50,XGB,XGB,XGB,0,7,0.7548311536209252
within_learner_different_seeds,TH50,XGB,XGB,XGB,0,2024,0.7665045170257123
within_learner_different_seeds,TH50,XGB,XGB,XGB,1,7,0.7565936739659367
within_learner_different_seeds,TH50,XGB,XGB,XGB,1,2024,0.7659911023232823
within_learner_different_seeds,TH50,XGB,XGB,XGB,7,2024,0.7492277992277993
within_learner_different_seeds,TH50,XGB,XGB,XGB,42,0,0.7529552001589351
within_learner_different_seeds,TH50,XGB,XGB,XGB,42,1,0.7735509059965963
within_learner_different_seeds,TH50,XGB,XGB,XGB,42,7,0.7775909810126582
within_learner_different_seeds,TH50,XGB,XGB,XGB,42,2024,0.7819292797756185
between_learners_same_seed,TH51,RF-LR,RF,LR,0,0,0.6467933491686461
between_learners_same_seed,TH51,RF-LR,RF,LR,1,1,0.6308422301304863
between_learners_same_seed,TH51,RF-LR,RF,LR,7,7,0.6918918918918919
between_learners_same_seed,TH51,RF-LR,RF,LR,42,42,0.666584280771132
between_learners_same_seed,TH51,RF-LR,RF,LR,2024,2024,0.6590114827758362
between_learners_same_seed,TH51,RF-XGB,RF,XGB,0,0,0.6529157117392411
between_learners_same_seed,TH51,RF-XGB,RF,XGB,1,1,0.7233814874264313
between_learners_same_seed,TH51,RF-XGB,RF,XGB,7,7,0.726475279106858
between_learners_same_seed,TH51,RF-XGB,RF,XGB,42,42,0.7604078164825828
between_learners_same_seed,TH51,RF-XGB,RF,XGB,2024,2024,0.7257795100222717
between_learners_same_seed,TH51,XGB-LR,XGB,LR,0,0,0.645153492869229
between_learners_same_seed,TH51,XGB-LR,XGB,LR,1,1,0.6134926212227688
between_learners_same_seed,TH51,XGB-LR,XGB,LR,7,7,0.7055407694168885
between_learners_same_seed,TH51,XGB-LR,XGB,LR,42,42,0.6699346405228758
between_learners_same_seed,TH51,XGB-LR,XGB,LR,2024,2024,0.6605595444416935
within_learner_different_seeds,TH51,LR,LR,LR,0,1,0.9836601307189542
within_learner_different_seeds,TH51,LR,LR,LR,0,7,0.9526721616591332
within_learner_different_seeds,TH51,LR,LR,LR,0,2024,0.9728767123287672
within_learner_different_seeds,TH51,LR,LR,LR,1,7,0.9549668874172186
within_learner_different_seeds,TH51,LR,LR,LR,1,2024,0.9692517006802721
within_learner_different_seeds,TH51,LR,LR,LR,7,2024,0.9463857028540944
within_learner_different_seeds,TH51,LR,LR,LR,42,0,0.9669849931787176
within_learner_different_seeds,TH51,LR,LR,LR,42,1,0.9591671173607356
within_learner_different_seeds,TH51,LR,LR,LR,42,7,0.9511217948717948
within_learner_different_seeds,TH51,LR,LR,LR,42,2024,0.967042021422686
within_learner_different_seeds,TH51,RF,RF,RF,0,1,0.7744831338411317
within_learner_different_seeds,TH51,RF,RF,RF,0,7,0.7754318618042226
within_learner_different_seeds,TH51,RF,RF,RF,0,2024,0.7910699241786016
within_learner_different_seeds,TH51,RF,RF,RF,1,7,0.7826208438111204
within_learner_different_seeds,TH51,RF,RF,RF,1,2024,0.8054597701149425
within_learner_different_seeds,TH51,RF,RF,RF,7,2024,0.810920708684287
within_learner_different_seeds,TH51,RF,RF,RF,42,0,0.8377379937482239
within_learner_different_seeds,TH51,RF,RF,RF,42,1,0.7848739495798319
within_learner_different_seeds,TH51,RF,RF,RF,42,7,0.8214285714285714
within_learner_different_seeds,TH51,RF,RF,RF,42,2024,0.826099706744868
within_learner_different_seeds,TH51,XGB,XGB,XGB,0,1,0.7513661202185792
within_learner_different_seeds,TH51,XGB,XGB,XGB,0,7,0.7731481481481481
within_learner_different_seeds,TH51,XGB,XGB,XGB,0,2024,0.7805359661495064
within_learner_different_seeds,TH51,XGB,XGB,XGB,1,7,0.7654819601507808
within_learner_different_seeds,TH51,XGB,XGB,XGB,1,2024,0.7592695074709463
within_learner_different_seeds,TH51,XGB,XGB,XGB,7,2024,0.7813017098731384
within_learner_different_seeds,TH51,XGB,XGB,XGB,42,0,0.7493692178301093
within_learner_different_seeds,TH51,XGB,XGB,XGB,42,1,0.752439364371341
within_learner_different_seeds,TH51,XGB,XGB,XGB,42,7,0.7532253637112271
within_learner_different_seeds,TH51,XGB,XGB,XGB,42,2024,0.7685052872249214
between_learners_same_seed,TH52,RF-LR,RF,LR,0,0,0.5435153583617748
between_learners_same_seed,TH52,RF-LR,RF,LR,1,1,0.5019109850819874
between_learners_same_seed,TH52,RF-LR,RF,LR,7,7,0.547784024055432
between_learners_same_seed,TH52,RF-LR,RF,LR,42,42,0.5696026322450013
between_learners_same_seed,TH52,RF-LR,RF,LR,2024,2024,0.5528790416076259
between_learners_same_seed,TH52,RF-XGB,RF,XGB,0,0,0.6812508388135821
between_learners_same_seed,TH52,RF-XGB,RF,XGB,1,1,0.6896838602329451
between_learners_same_seed,TH52,RF-XGB,RF,XGB,7,7,0.6630404463040447
between_learners_same_seed,TH52,RF-XGB,RF,XGB,42,42,0.7318990484071163
between_learners_same_seed,TH52,RF-XGB,RF,XGB,2024,2024,0.6913279132791328
between_learners_same_seed,TH52,XGB-LR,XGB,LR,0,0,0.5156807280777272
between_learners_same_seed,TH52,XGB-LR,XGB,LR,1,1,0.4898212512413108
between_learners_same_seed,TH52,XGB-LR,XGB,LR,7,7,0.5274310972438897
between_learners_same_seed,TH52,XGB-LR,XGB,LR,42,42,0.5529074120289493
between_learners_same_seed,TH52,XGB-LR,XGB,LR,2024,2024,0.523731380964403
within_learner_different_seeds,TH52,LR,LR,LR,0,1,0.9528904503353561
within_learner_different_seeds,TH52,LR,LR,LR,0,7,0.916732877800731
within_learner_different_seeds,TH52,LR,LR,LR,0,2024,0.9246247205365697
within_learner_different_seeds,TH52,LR,LR,LR,1,7,0.9446088099934253
within_learner_different_seeds,TH52,LR,LR,LR,1,2024,0.9337477506952396
within_learner_different_seeds,TH52,LR,LR,LR,7,2024,0.9275554085345683
within_learner_different_seeds,TH52,LR,LR,LR,42,0,0.9094275574756981
within_learner_different_seeds,TH52,LR,LR,LR,42,1,0.9079340141398272
within_learner_different_seeds,TH52,LR,LR,LR,42,7,0.9264918771111469
within_learner_different_seeds,TH52,LR,LR,LR,42,2024,0.9055732484076433
within_learner_different_seeds,TH52,RF,RF,RF,0,1,0.7824244136761798
within_learner_different_seeds,TH52,RF,RF,RF,0,7,0.7982075744434808
within_learner_different_seeds,TH52,RF,RF,RF,0,2024,0.8295536617073523
within_learner_different_seeds,TH52,RF,RF,RF,1,7,0.7871279870986659
within_learner_different_seeds,TH52,RF,RF,RF,1,2024,0.7851905104241553
within_learner_different_seeds,TH52,RF,RF,RF,7,2024,0.8328840970350404
within_learner_different_seeds,TH52,RF,RF,RF,42,0,0.8532418224299065
within_learner_different_seeds,TH52,RF,RF,RF,42,1,0.7795737376627092
within_learner_different_seeds,TH52,RF,RF,RF,42,7,0.8063328424153167
within_learner_different_seeds,TH52,RF,RF,RF,42,2024,0.845596926713948
within_learner_different_seeds,TH52,XGB,XGB,XGB,0,1,0.7335912869016911
within_learner_different_seeds,TH52,XGB,XGB,XGB,0,7,0.7319394376351839
within_learner_different_seeds,TH52,XGB,XGB,XGB,0,2024,0.7426231822674009
within_learner_different_seeds,TH52,XGB,XGB,XGB,1,7,0.722045651545796
within_learner_different_seeds,TH52,XGB,XGB,XGB,1,2024,0.7339371638833853
within_learner_different_seeds,TH52,XGB,XGB,XGB,7,2024,0.7479885057471264
within_learner_different_seeds,TH52,XGB,XGB,XGB,42,0,0.7483425024686133
within_learner_different_seeds,TH52,XGB,XGB,XGB,42,1,0.7485787379192723
within_learner_different_seeds,TH52,XGB,XGB,XGB,42,7,0.7520435967302452
within_learner_different_seeds,TH52,XGB,XGB,XGB,42,2024,0.7764722536806342
between_learners_same_seed,TH53,RF-LR,RF,LR,0,0,0.5450492726419521
between_learners_same_seed,TH53,RF-LR,RF,LR,1,1,0.521563021205623
between_learners_same_seed,TH53,RF-LR,RF,LR,7,7,0.5084137931034483
between_learners_same_seed,TH53,RF-LR,RF,LR,42,42,0.5885341074020319
between_learners_same_seed,TH53,RF-LR,RF,LR,2024,2024,0.5523880970242561
between_learners_same_seed,TH53,RF-XGB,RF,XGB,0,0,0.5008928571428571
between_learners_same_seed,TH53,RF-XGB,RF,XGB,1,1,0.5780809031044214
between_learners_same_seed,TH53,RF-XGB,RF,XGB,7,7,0.5059288537549407
between_learners_same_seed,TH53,RF-XGB,RF,XGB,42,42,0.6520329259166875
between_learners_same_seed,TH53,RF-XGB,RF,XGB,2024,2024,0.5818921668362157
between_learners_same_seed,TH53,XGB-LR,XGB,LR,0,0,0.4232183908045977
between_learners_same_seed,TH53,XGB-LR,XGB,LR,1,1,0.40120036934441367
between_learners_same_seed,TH53,XGB-LR,XGB,LR,7,7,0.4140073425585993
between_learners_same_seed,TH53,XGB-LR,XGB,LR,42,42,0.5097238895558224
between_learners_same_seed,TH53,XGB-LR,XGB,LR,2024,2024,0.4748776088636949
within_learner_different_seeds,TH53,LR,LR,LR,0,1,0.9430171277997365
within_learner_different_seeds,TH53,LR,LR,LR,0,7,0.7865168539325843
within_learner_different_seeds,TH53,LR,LR,LR,0,2024,0.9361421988150099
within_learner_different_seeds,TH53,LR,LR,LR,1,7,0.8271304347826087
within_learner_different_seeds,TH53,LR,LR,LR,1,2024,0.961986301369863
within_learner_different_seeds,TH53,LR,LR,LR,7,2024,0.8326916345817291
within_learner_different_seeds,TH53,LR,LR,LR,42,0,0.9302325581395349
within_learner_different_seeds,TH53,LR,LR,LR,42,1,0.8928571428571429
within_learner_different_seeds,TH53,LR,LR,LR,42,7,0.7621032382173774
within_learner_different_seeds,TH53,LR,LR,LR,42,2024,0.8928684627575277
within_learner_different_seeds,TH53,RF,RF,RF,0,1,0.753968253968254
within_learner_different_seeds,TH53,RF,RF,RF,0,7,0.7135859757669503
within_learner_different_seeds,TH53,RF,RF,RF,0,2024,0.7438808983093615
within_learner_different_seeds,TH53,RF,RF,RF,1,7,0.7043635424735347
within_learner_different_seeds,TH53,RF,RF,RF,1,2024,0.7166791697924482
within_learner_different_seeds,TH53,RF,RF,RF,7,2024,0.7809734513274337
within_learner_different_seeds,TH53,RF,RF,RF,42,0,0.7900919305413687
within_learner_different_seeds,TH53,RF,RF,RF,42,1,0.7550403225806451
within_learner_different_seeds,TH53,RF,RF,RF,42,7,0.7625336927223719
within_learner_different_seeds,TH53,RF,RF,RF,42,2024,0.8194704466434876
within_learner_different_seeds,TH53,XGB,XGB,XGB,0,1,0.5616102110947472
within_learner_different_seeds,TH53,XGB,XGB,XGB,0,7,0.5666756829862051
within_learner_different_seeds,TH53,XGB,XGB,XGB,0,2024,0.5784929356357927
within_learner_different_seeds,TH53,XGB,XGB,XGB,1,7,0.527806925498426
within_learner_different_seeds,TH53,XGB,XGB,XGB,1,2024,0.5889441970133613
within_learner_different_seeds,TH53,XGB,XGB,XGB,7,2024,0.6161764705882353
within_learner_different_seeds,TH53,XGB,XGB,XGB,42,0,0.6018705763397371
within_learner_different_seeds,TH53,XGB,XGB,XGB,42,1,0.6185514612452351
within_learner_different_seeds,TH53,XGB,XGB,XGB,42,7,0.6001655629139073
within_learner_different_seeds,TH53,XGB,XGB,XGB,42,2024,0.6561557444474911
between_learners_same_seed,TH54,RF-LR,RF,LR,0,0,0.5714285714285714
between_learners_same_seed,TH54,RF-LR,RF,LR,1,1,0.48131868131868133
between_learners_same_seed,TH54,RF-LR,RF,LR,7,7,0.4766069086139047
between_learners_same_seed,TH54,RF-LR,RF,LR,42,42,0.5701376936316696
between_learners_same_seed,TH54,RF-LR,RF,LR,2024,2024,0.5705928237129485
between_learners_same_seed,TH54,RF-XGB,RF,XGB,0,0,0.575168287210172
between_learners_same_seed,TH54,RF-XGB,RF,XGB,1,1,0.5397273154677951
between_learners_same_seed,TH54,RF-XGB,RF,XGB,7,7,0.5278675282714055
between_learners_same_seed,TH54,RF-XGB,RF,XGB,42,42,0.6192430460556315
between_learners_same_seed,TH54,RF-XGB,RF,XGB,2024,2024,0.5879647374472978
between_learners_same_seed,TH54,XGB-LR,XGB,LR,0,0,0.5173257236037505
between_learners_same_seed,TH54,XGB-LR,XGB,LR,1,1,0.45196615231458437
between_learners_same_seed,TH54,XGB-LR,XGB,LR,7,7,0.45377756921633033
between_learners_same_seed,TH54,XGB-LR,XGB,LR,42,42,0.5171187194308582
between_learners_same_seed,TH54,XGB-LR,XGB,LR,2024,2024,0.5231619209519762
within_learner_different_seeds,TH54,LR,LR,LR,0,1,0.7926315789473685
within_learner_different_seeds,TH54,LR,LR,LR,0,7,0.708421052631579
within_learner_different_seeds,TH54,LR,LR,LR,0,2024,0.9126315789473685
within_learner_different_seeds,TH54,LR,LR,LR,1,7,0.8937583001328021
within_learner_different_seeds,TH54,LR,LR,LR,1,2024,0.8588640275387264
within_learner_different_seeds,TH54,LR,LR,LR,7,2024,0.776239907727797
within_learner_different_seeds,TH54,LR,LR,LR,42,0,0.8859649122807017
within_learner_different_seeds,TH54,LR,LR,LR,42,1,0.8340832395950506
within_learner_different_seeds,TH54,LR,LR,LR,42,7,0.7659453302961275
within_learner_different_seeds,TH54,LR,LR,LR,42,2024,0.9201981287837094
within_learner_different_seeds,TH54,RF,RF,RF,0,1,0.6437403400309119
within_learner_different_seeds,TH54,RF,RF,RF,0,7,0.7256049960967994
within_learner_different_seeds,TH54,RF,RF,RF,0,2024,0.7235921972764078
within_learner_different_seeds,TH54,RF,RF,RF,1,7,0.6767111493758071
within_learner_different_seeds,TH54,RF,RF,RF,1,2024,0.6359700905155451
within_learner_different_seeds,TH54,RF,RF,RF,7,2024,0.6838006230529595
within_learner_different_seeds,TH54,RF,RF,RF,42,0,0.6892744479495269
within_learner_different_seeds,TH54,RF,RF,RF,42,1,0.6776785714285715
within_learner_different_seeds,TH54,RF,RF,RF,42,7,0.6659592529711376
within_learner_different_seeds,TH54,RF,RF,RF,42,2024,0.7366238075487349
within_learner_different_seeds,TH54,XGB,XGB,XGB,0,1,0.493992606284658
within_learner_different_seeds,TH54,XGB,XGB,XGB,0,7,0.6062921348314607
within_learner_different_seeds,TH54,XGB,XGB,XGB,0,2024,0.6091148115687993
within_learner_different_seeds,TH54,XGB,XGB,XGB,1,7,0.5011865211200759
within_learner_different_seeds,TH54,XGB,XGB,XGB,1,2024,0.5454976303317536
within_learner_different_seeds,TH54,XGB,XGB,XGB,7,2024,0.6051693404634582
within_learner_different_seeds,TH54,XGB,XGB,XGB,42,0,0.5650022492127755
within_learner_different_seeds,TH54,XGB,XGB,XGB,42,1,0.5355355355355356
within_learner_different_seeds,TH54,XGB,XGB,XGB,42,7,0.5110815602836879
within_learner_different_seeds,TH54,XGB,XGB,XGB,42,2024,0.6236111111111111
between_learners_same_seed,TH55,RF-LR,RF,LR,0,0,0.5959463877084015
between_learners_same_seed,TH55,RF-LR,RF,LR,1,1,0.5568181818181818
between_learners_same_seed,TH55,RF-LR,RF,LR,7,7,0.5942290351668169
between_learners_same_seed,TH55,RF-LR,RF,LR,42,42,0.5909090909090909
between_learners_same_seed,TH55,RF-LR,RF,LR,2024,2024,0.6011012542061792
between_learners_same_seed,TH55,RF-XGB,RF,XGB,0,0,0.55936
between_learners_same_seed,TH55,RF-XGB,RF,XGB,1,1,0.6906906906906907
between_learners_same_seed,TH55,RF-XGB,RF,XGB,7,7,0.6021782745772427
between_learners_same_seed,TH55,RF-XGB,RF,XGB,42,42,0.6383799421407907
between_learners_same_seed,TH55,RF-XGB,RF,XGB,2024,2024,0.639736684619988
between_learners_same_seed,TH55,XGB-LR,XGB,LR,0,0,0.5263799939005794
between_learners_same_seed,TH55,XGB-LR,XGB,LR,1,1,0.5650013800717637
between_learners_same_seed,TH55,XGB-LR,XGB,LR,7,7,0.5608258928571429
between_learners_same_seed,TH55,XGB-LR,XGB,LR,42,42,0.5795107033639144
between_learners_same_seed,TH55,XGB-LR,XGB,LR,2024,2024,0.5990635059994147
within_learner_different_seeds,TH55,LR,LR,LR,0,1,0.8993869455463397
within_learner_different_seeds,TH55,LR,LR,LR,0,7,0.9093599704032557
within_learner_different_seeds,TH55,LR,LR,LR,0,2024,0.9386131110269041
within_learner_different_seeds,TH55,LR,LR,LR,1,7,0.9566317311167329
within_learner_different_seeds,TH55,LR,LR,LR,1,2024,0.9354722422494592
within_learner_different_seeds,TH55,LR,LR,LR,7,2024,0.9427833148763382
within_learner_different_seeds,TH55,LR,LR,LR,42,0,0.920844327176781
within_learner_different_seeds,TH55,LR,LR,LR,42,1,0.9206463195691202
within_learner_different_seeds,TH55,LR,LR,LR,42,7,0.9454545454545454
within_learner_different_seeds,TH55,LR,LR,LR,42,2024,0.9453592814371258
within_learner_different_seeds,TH55,RF,RF,RF,0,1,0.7814685314685315
within_learner_different_seeds,TH55,RF,RF,RF,0,7,0.790167438546491
within_learner_different_seeds,TH55,RF,RF,RF,0,2024,0.7940437746681019
within_learner_different_seeds,TH55,RF,RF,RF,1,7,0.81235234559568
within_learner_different_seeds,TH55,RF,RF,RF,1,2024,0.8236096895257591
within_learner_different_seeds,TH55,RF,RF,RF,7,2024,0.8277893277893278
within_learner_different_seeds,TH55,RF,RF,RF,42,0,0.7960381511371973
within_learner_different_seeds,TH55,RF,RF,RF,42,1,0.8035099793530627
within_learner_different_seeds,TH55,RF,RF,RF,42,7,0.7998607727114514
within_learner_different_seeds,TH55,RF,RF,RF,42,2024,0.8228834573149132
within_learner_different_seeds,TH55,XGB,XGB,XGB,0,1,0.6722325293753865
within_learner_different_seeds,TH55,XGB,XGB,XGB,0,7,0.6448880822746521
within_learner_different_seeds,TH55,XGB,XGB,XGB,0,2024,0.6405148636224334
within_learner_different_seeds,TH55,XGB,XGB,XGB,1,7,0.6460326392796849
within_learner_different_seeds,TH55,XGB,XGB,XGB,1,2024,0.7066311426879811
within_learner_different_seeds,TH55,XGB,XGB,XGB,7,2024,0.6801971585966947
within_learner_different_seeds,TH55,XGB,XGB,XGB,42,0,0.6346649484536082
within_learner_different_seeds,TH55,XGB,XGB,XGB,42,1,0.7016129032258065
within_learner_different_seeds,TH55,XGB,XGB,XGB,42,7,0.6460757982691734
within_learner_different_seeds,TH55,XGB,XGB,XGB,42,2024,0.7073247406475951
between_learners_same_seed,TH56,RF-LR,RF,LR,0,0,0.5060688630170919
between_learners_same_seed,TH56,RF-LR,RF,LR,1,1,0.4934823091247672
between_learners_same_seed,TH56,RF-LR,RF,LR,7,7,0.526433358153388
between_learners_same_seed,TH56,RF-LR,RF,LR,42,42,0.5283286118980169
between_learners_same_seed,TH56,RF-LR,RF,LR,2024,2024,0.5370948379351741
between_learners_same_seed,TH56,RF-XGB,RF,XGB,0,0,0.567601638827608
between_learners_same_seed,TH56,RF-XGB,RF,XGB,1,1,0.5466576179165252
between_learners_same_seed,TH56,RF-XGB,RF,XGB,7,7,0.49095022624434387
between_learners_same_seed,TH56,RF-XGB,RF,XGB,42,42,0.5801165331391115
between_learners_same_seed,TH56,RF-XGB,RF,XGB,2024,2024,0.5344454742045104
between_learners_same_seed,TH56,XGB-LR,XGB,LR,0,0,0.4836344592825347
between_learners_same_seed,TH56,XGB-LR,XGB,LR,1,1,0.46272189349112425
between_learners_same_seed,TH56,XGB-LR,XGB,LR,7,7,0.4037917374080362
between_learners_same_seed,TH56,XGB-LR,XGB,LR,42,42,0.4229625223081499
between_learners_same_seed,TH56,XGB-LR,XGB,LR,2024,2024,0.47186261558784676
within_learner_different_seeds,TH56,LR,LR,LR,0,1,0.88100147275405
within_learner_different_seeds,TH56,LR,LR,LR,0,7,0.9192941857101533
within_learner_different_seeds,TH56,LR,LR,LR,0,2024,0.9427523970671179
within_learner_different_seeds,TH56,LR,LR,LR,1,7,0.9086744043982895
within_learner_different_seeds,TH56,LR,LR,LR,1,2024,0.850597609561753
within_learner_different_seeds,TH56,LR,LR,LR,7,2024,0.9209103840682789
within_learner_different_seeds,TH56,LR,LR,LR,42,0,0.8368773667346344
within_learner_different_seeds,TH56,LR,LR,LR,42,1,0.9139993533785968
within_learner_different_seeds,TH56,LR,LR,LR,42,7,0.8722306525037936
within_learner_different_seeds,TH56,LR,LR,LR,42,2024,0.8241976711161602
within_learner_different_seeds,TH56,RF,RF,RF,0,1,0.6996477745757285
within_learner_different_seeds,TH56,RF,RF,RF,0,7,0.7408214063472308
within_learner_different_seeds,TH56,RF,RF,RF,0,2024,0.7543914680050188
within_learner_different_seeds,TH56,RF,RF,RF,1,7,0.7419456727732154
within_learner_different_seeds,TH56,RF,RF,RF,1,2024,0.6721261753108887
within_learner_different_seeds,TH56,RF,RF,RF,7,2024,0.7354877318970676
within_learner_different_seeds,TH56,RF,RF,RF,42,0,0.7557744565217391
within_learner_different_seeds,TH56,RF,RF,RF,42,1,0.6767710049423393
within_learner_different_seeds,TH56,RF,RF,RF,42,7,0.7197696737044146
within_learner_different_seeds,TH56,RF,RF,RF,42,2024,0.7285300739787713
within_learner_different_seeds,TH56,XGB,XGB,XGB,0,1,0.5249097472924188
within_learner_different_seeds,TH56,XGB,XGB,XGB,0,7,0.563650607128868
within_learner_different_seeds,TH56,XGB,XGB,XGB,0,2024,0.5612208258527828
within_learner_different_seeds,TH56,XGB,XGB,XGB,1,7,0.545877378435518
within_learner_different_seeds,TH56,XGB,XGB,XGB,1,2024,0.5436706425548288
within_learner_different_seeds,TH56,XGB,XGB,XGB,7,2024,0.5378356387306753
within_learner_different_seeds,TH56,XGB,XGB,XGB,42,0,0.5416666666666666
within_learner_different_seeds,TH56,XGB,XGB,XGB,42,1,0.5664335664335665
within_learner_different_seeds,TH56,XGB,XGB,XGB,42,7,0.5893333333333334
within_learner_different_seeds,TH56,XGB,XGB,XGB,42,2024,0.5791164658634538
between_learners_same_seed,TH57,RF-LR,RF,LR,0,0,0.6105418719211823
between_learners_same_seed,TH57,RF-LR,RF,LR,1,1,0.630587330577718
between_learners_same_seed,TH57,RF-LR,RF,LR,7,7,0.6308743680958622
between_learners_same_seed,TH57,RF-LR,RF,LR,42,42,0.6729033471229786
between_learners_same_seed,TH57,RF-LR,RF,LR,2024,2024,0.6773814190513524
between_learners_same_seed,TH57,RF-XGB,RF,XGB,0,0,0.6048819742489271
between_learners_same_seed,TH57,RF-XGB,RF,XGB,1,1,0.6699399890889253
between_learners_same_seed,TH57,RF-XGB,RF,XGB,7,7,0.6755511384170582
between_learners_same_seed,TH57,RF-XGB,RF,XGB,42,42,0.714500044126732
between_learners_same_seed,TH57,RF-XGB,RF,XGB,2024,2024,0.6747100635989525
between_learners_same_seed,TH57,XGB-LR,XGB,LR,0,0,0.5905810176831469
between_learners_same_seed,TH57,XGB-LR,XGB,LR,1,1,0.6089560243117627
between_learners_same_seed,TH57,XGB-LR,XGB,LR,7,7,0.6237571022727273
between_learners_same_seed,TH57,XGB-LR,XGB,LR,42,42,0.6242637362637362
between_learners_same_seed,TH57,XGB-LR,XGB,LR,2024,2024,0.6440709272257111
within_learner_different_seeds,TH57,LR,LR,LR,0,1,0.9212106936756566
within_learner_different_seeds,TH57,LR,LR,LR,0,7,0.9205045128442491
within_learner_different_seeds,TH57,LR,LR,LR,0,2024,0.9369210927424082
within_learner_different_seeds,TH57,LR,LR,LR,1,7,0.9462762278072401
within_learner_different_seeds,TH57,LR,LR,LR,1,2024,0.9394114252740912
within_learner_different_seeds,TH57,LR,LR,LR,7,2024,0.9512445763873031
within_learner_different_seeds,TH57,LR,LR,LR,42,0,0.9028597892786847
within_learner_different_seeds,TH57,LR,LR,LR,42,1,0.9532710280373832
within_learner_different_seeds,TH57,LR,LR,LR,42,7,0.9272356341380483
within_learner_different_seeds,TH57,LR,LR,LR,42,2024,0.9178563335599366
within_learner_different_seeds,TH57,RF,RF,RF,0,1,0.7952049007182087
within_learner_different_seeds,TH57,RF,RF,RF,0,7,0.8172293364377182
within_learner_different_seeds,TH57,RF,RF,RF,0,2024,0.7566614826334889
within_learner_different_seeds,TH57,RF,RF,RF,1,7,0.8212278876170656
within_learner_different_seeds,TH57,RF,RF,RF,1,2024,0.7777091694967583
within_learner_different_seeds,TH57,RF,RF,RF,7,2024,0.7959855892949048
within_learner_different_seeds,TH57,RF,RF,RF,42,0,0.7701459708058388
within_learner_different_seeds,TH57,RF,RF,RF,42,1,0.7921303656597775
within_learner_different_seeds,TH57,RF,RF,RF,42,7,0.7978082732747557
within_learner_different_seeds,TH57,RF,RF,RF,42,2024,0.7721494037646595
within_learner_different_seeds,TH57,XGB,XGB,XGB,0,1,0.6907054087169613
within_learner_different_seeds,TH57,XGB,XGB,XGB,0,7,0.7151606603941062
within_learner_different_seeds,TH57,XGB,XGB,XGB,0,2024,0.6925004474673349
within_learner_different_seeds,TH57,XGB,XGB,XGB,1,7,0.6845165769831626
within_learner_different_seeds,TH57,XGB,XGB,XGB,1,2024,0.6964014644164658
within_learner_different_seeds,TH57,XGB,XGB,XGB,7,2024,0.7070607258354293
within_learner_different_seeds,TH57,XGB,XGB,XGB,42,0,0.6876286890871655
within_learner_different_seeds,TH57,XGB,XGB,XGB,42,1,0.7338306274681878
within_learner_different_seeds,TH57,XGB,XGB,XGB,42,7,0.7106994459833795
within_learner_different_seeds,TH57,XGB,XGB,XGB,42,2024,0.7086975717439293
between_learners_same_seed,TH58,RF-LR,RF,LR,0,0,0.346483704974271
between_learners_same_seed,TH58,RF-LR,RF,LR,1,1,0.3631142310146777
between_learners_same_seed,TH58,RF-LR,RF,LR,7,7,0.3279115159401431
between_learners_same_seed,TH58,RF-LR,RF,LR,42,42,0.41317898486197685
between_learners_same_seed,TH58,RF-LR,RF,LR,2024,2024,0.34099616858237547
between_learners_same_seed,TH58,RF-XGB,RF,XGB,0,0,0.4523809523809524
between_learners_same_seed,TH58,RF-XGB,RF,XGB,1,1,0.6131004366812227
between_learners_same_seed,TH58,RF-XGB,RF,XGB,7,7,0.5544948289578361
between_learners_same_seed,TH58,RF-XGB,RF,XGB,42,42,0.562296858071506
between_learners_same_seed,TH58,RF-XGB,RF,XGB,2024,2024,0.5585754451733833
between_learners_same_seed,TH58,XGB-LR,XGB,LR,0,0,0.328665568369028
between_learners_same_seed,TH58,XGB-LR,XGB,LR,1,1,0.3596153846153846
between_learners_same_seed,TH58,XGB-LR,XGB,LR,7,7,0.3076470588235294
between_learners_same_seed,TH58,XGB-LR,XGB,LR,42,42,0.3440207972270364
between_learners_same_seed,TH58,XGB-LR,XGB,LR,2024,2024,0.3381843381843382
within_learner_different_seeds,TH58,LR,LR,LR,0,1,0.7371475953565506
within_learner_different_seeds,TH58,LR,LR,LR,0,7,0.7690311418685121
within_learner_different_seeds,TH58,LR,LR,LR,0,2024,0.8801980198019802
within_learner_different_seeds,TH58,LR,LR,LR,1,7,0.9109311740890689
within_learner_different_seeds,TH58,LR,LR,LR,1,2024,0.8297520661157025
within_learner_different_seeds,TH58,LR,LR,LR,7,2024,0.8671268334771355
within_learner_different_seeds,TH58,LR,LR,LR,42,0,0.7242063492063492
within_learner_different_seeds,TH58,LR,LR,LR,42,1,0.703734439834025
within_learner_different_seeds,TH58,LR,LR,LR,42,7,0.7222699914015477
within_learner_different_seeds,TH58,LR,LR,LR,42,2024,0.7371375116931712
within_learner_different_seeds,TH58,RF,RF,RF,0,1,0.6746361746361746
within_learner_different_seeds,TH58,RF,RF,RF,0,7,0.6363636363636364
within_learner_different_seeds,TH58,RF,RF,RF,0,2024,0.741421568627451
within_learner_different_seeds,TH58,RF,RF,RF,1,7,0.7848722986247544
within_learner_different_seeds,TH58,RF,RF,RF,1,2024,0.7544596012591815
within_learner_different_seeds,TH58,RF,RF,RF,7,2024,0.7589189189189189
within_learner_different_seeds,TH58,RF,RF,RF,42,0,0.7826633165829145
within_learner_different_seeds,TH58,RF,RF,RF,42,1,0.7269906928645294
within_learner_different_seeds,TH58,RF,RF,RF,42,7,0.6909469302809573
within_learner_different_seeds,TH58,RF,RF,RF,42,2024,0.8092909535452323
within_learner_different_seeds,TH58,XGB,XGB,XGB,0,1,0.5506149479659413
within_learner_different_seeds,TH58,XGB,XGB,XGB,0,7,0.5229591836734694
within_learner_different_seeds,TH58,XGB,XGB,XGB,0,2024,0.6143277723258096
within_learner_different_seeds,TH58,XGB,XGB,XGB,1,7,0.636963696369637
within_learner_different_seeds,TH58,XGB,XGB,XGB,1,2024,0.6499102333931778
within_learner_different_seeds,TH58,XGB,XGB,XGB,7,2024,0.6271463614063778
within_learner_different_seeds,TH58,XGB,XGB,XGB,42,0,0.5601750547045952
within_learner_different_seeds,TH58,XGB,XGB,XGB,42,1,0.5826001955034213
within_learner_different_seeds,TH58,XGB,XGB,XGB,42,7,0.5386620330147698
within_learner_different_seeds,TH58,XGB,XGB,XGB,42,2024,0.6364551863041289
