path,bytes,sha256
.gitattributes,114,58af226dfe7f155ded026a437e7889e01972a76ca0cd5b53cb9d7ef529b238e1
.gitignore,75,344029355458d95579d4d7fa6e1846b632df8ca35646e488f4d48843bd11589b
.zenodo.json,1982,c8deaacea59596494f6bc8581b394ca5461992bcbf418cd77439cd440a342072
CITATION.cff,1647,798ca035b352ff3c394eb927b906e5171cdea163e4cab5950621a8a9a76c5dc1
code/experiment/make_figures.py,15304,c5ade2770b27dafd2ecfdb5d857565409356147087c668443baead996a504cc5
code/experiment/make_figures_metrics.py,4822,2d38a9d4829806465c81e4399fa61b457e96b8d44227c5811a11d2aed5ace916
code/experiment/make_figures_shap.py,8713,b64ca3c9ab4604b728b2eeeb3ba0cd3334d6e8ef5e963b18b572143f7934b6f0
code/experiment/make_figures_shap_all.py,6228,0e074a56a78390cb6197b37b2a0463ca4114d9ceba60516483a89f6d4e005ce7
code/experiment/make_results_manifest.mjs,4393,2d11c3664eaea2245ac7735664779cafa3175f70aff0263d00ee98380f966823
code/experiment/make_results_readout.mjs,18789,944cf33a2e83ac6633ddd44830ffe0e786729d985a413c28ece0715c73c38ea2
code/experiment/make_seed_vs_learner_posthoc.mjs,15012,7f1af4fd3d9302af3343c4125283bf1c92818693de08b2a15371a6229a8924e8
code/experiment/make_test_points.py,6881,986932a55477c1a71941e4a63253a62ab0d2b6fa415f564582293636a3a4d6b2
code/experiment/run_map_stability.py,34547,7f7944423b656a0043e00462b442ea7cb86bfd02d2b9263725ec4fbe1e5be64d
code/paper_tables_figures/make_fig_study_area.py,6117,9a4e4d86e887fb83dc25ee62d87fabaf0124f2375833f2cc49e2c6a2e8c2ffec
code/paper_tables_figures/make_paper_figures.py,27122,a4870b819337df31a09e9313278da346327fea7edc108dc9cd0686e0fcfe4e44
code/paper_tables_figures/make_results_tables.py,8668,eb4ab5e65e62e6d2cce51cfa0fab190f1bbc9ca51cb07dde61c24001fc00cd8c
code/paper_tables_figures/make_supplementary.py,10480,bff83db94d3a3a0fac82c87f74e66c51cf5301a23789a3ff0b1cef502663d73e
code/posthoc_consensus/posthoc_consensus.py,8469,6a3c8654c4782ba48812de3969287e840cb62c77bc0b47a9bbe702e3940a7e69
code/posthoc_sensitivity/posthoc_sensitivity.py,11207,b90af7e83c94b7d42114d595269ec11f00cb812fb8ead47281ecc261aa830e9f
derived_data/consensus/consensus_by_province.csv,1748,5ba15b7896e506b3199645d3844f1af4623af0613f0319d0bef6ad3f146cb7eb
derived_data/consensus/f_distribution.csv,5646,324e14a5ed94dc6d7b170c7b1afb50c976d8a56303fac1442c8afa590eb30215
derived_data/consensus/ss_decomposition_by_province.csv,1594,cb827128f1b94987fa7ff1c9fdfd8154eb1e59da43b135ae37f1391853bda9b3
derived_data/posthoc_sensitivity/figS1_fold_map.png,483065,87823b92241614afed4292e85665f9ddb39f59b5e077e7727a89f987ff33e619
derived_data/posthoc_sensitivity/posthoc_sensitivity_summary.json,1944,83cdb03e8741958421df31e534c8795495e73775db994ff6688a73ebdc8f7314
derived_data/posthoc_sensitivity/S1_aggregation_order.csv,2021,08d609870bc09ed474079ff8c8a49fd2aa19192e4ea96a8fd6459d6b536352c0
derived_data/posthoc_sensitivity/S1_paired_auc_differences.csv,3370,fb2df329538d65c6326076a900e072a7df9971b6e09569d46b3e013078e05929
derived_data/posthoc_sensitivity/S2_consensus_by_f_cutoff.csv,106,441f2352abb140fec42fcf91091c62fc3b878b3ef8f9821e4a44a0f9ba19a753
derived_data/posthoc_sensitivity/S2_hotspot_counts_10km_algorithm_pairs.csv,1940,3f31467c3c5b346f44ddda6447fb7b771c36c045e99369b229004d1afd38a584
derived_data/posthoc_sensitivity/S2_jaccard_by_cutoff.csv,9765,08832ef1b5d260159ecfb2b533a1c578c5084301be915435463e959d2074a40a
derived_data/posthoc_sensitivity/S2_ties_at_top10.csv,2111,9a44767fca936aa1d4be30113ac4789c27dad5ea948dc8487397ea6a561e3302
derived_data/posthoc_sensitivity/S3_radius_x_algorithm.csv,259,08389ab2a3582efe43ffb7dcc95c5db847310b3d20815d3cea6141db73480210
derived_data/posthoc_sensitivity/S4_registry_polygon_mismatches.csv,245,ade940fcdf537307e40a25b670d9fb99cbdd1bcca91123f31ab41a284ffa57d4
derived_data/posthoc_sensitivity/S4_train_test_distances.csv,1315,099b24227f7c4cf8890ea671dfd2d79d1a2f720ddb45b0aebdafdafd8278c97f
derived_data/tables/lopo_fold_median_across_seeds.csv,3553,1fe27bf0b0c3fa6f57ec0e52a145135e8a851b478c50cf5f1c479efd8a4993a8
derived_data/tables/lopo_fold_spread_by_seed.csv,27280,0f9855ed7b9960a4901151b0274ba692c82eb0124c3649fefc54d7260a5e6924
derived_data/tables/lopo_metrics_by_fold.csv,75011,963c78d4f651b8d6a46da624e95d43193f68628e180d4edf0df42eba3cb5a085
derived_data/tables/lopo_unit_status.csv,6094,906a3d58fc523e1178b3e4a20e335da13cb21aa98e9504e3e000b4cfd80efe79
derived_data/tables/lopo_units/TH50_10km_s0.json,4285,846c2b955d52a72a80d9c03356eccd41fb65379a7e1d803caf40fb83fc6d8292
derived_data/tables/lopo_units/TH50_10km_s1.json,4291,99c68d4d644d06d1fcb5db6d3b04e6e5fa412d6a6952ad9efad77a464f9f61aa
derived_data/tables/lopo_units/TH50_10km_s2024.json,4291,25728c8d0a458463daa70389091971dafa2ee30e87e465de62f3a2c32f4b451c
derived_data/tables/lopo_units/TH50_10km_s42.json,5132,e7e3fa679ef0398224bf10633e657f2ca9a335933cd3cfdb25c781bfe1a42bdf
derived_data/tables/lopo_units/TH50_10km_s7.json,4290,bde2c37633c78a82916365be3039cc7d901f9b28706e1973058498ce70d4e8c1
derived_data/tables/lopo_units/TH50_1km_s0.json,4275,141da8f1b95956c8815213fdaf2d6117c0ce4da7db78f8f2a8f0bd2a61d4ba6d
derived_data/tables/lopo_units/TH50_1km_s1.json,4260,3c419bf4b382eaff12ed996b7e0248d3c9e6003a9380951d400129445556504d
derived_data/tables/lopo_units/TH50_1km_s2024.json,4264,f46243609ad25d1bd06bdb9eea9d06f375b833e34b63600b5358de421b895660
derived_data/tables/lopo_units/TH50_1km_s42.json,5100,46d7765e328b477c7ba37a56c074a4449c058aee6541276d90b4f88c99834605
derived_data/tables/lopo_units/TH50_1km_s7.json,4269,13a024d398640315050feda4f257aa4d00371d31d4e4acc8b757e9ed2f1090d8
derived_data/tables/lopo_units/TH50_20km_s0.json,4292,edf936fd381f76f523ab652fe41c94be2982486160e38ca2700e7c2ff8906381
derived_data/tables/lopo_units/TH50_20km_s1.json,4289,c4353d14ec034823bb65a21afea70710075804d79348f97eacd9afadeec0231d
derived_data/tables/lopo_units/TH50_20km_s2024.json,4299,4df3261e63b30e43a61eaf6d3e554eeded4e94ffb92a01dda02287557bcdf824
derived_data/tables/lopo_units/TH50_20km_s42.json,5147,5580c805c36ab3833abef8ed48d72873be11638f61ac35a89aa1b3499f9bdcf1
derived_data/tables/lopo_units/TH50_20km_s7.json,4297,b5dacd67d0f5546b37c90106325c16c58cea29db9c239d26ed0d1c97fd24536d
derived_data/tables/lopo_units/TH50_25km_s0.json,4291,bb4b77f937800d792c48126e631172adab1b2c9ce176c390344ab77874a016a0
derived_data/tables/lopo_units/TH50_25km_s1.json,4298,e8f1af433e89e8b4d9b564430f3db7c91be87cb2f2e797eb4e9cd67f633c994e
derived_data/tables/lopo_units/TH50_25km_s2024.json,4292,11fcbf1011d171c8e2a4cac07278062ff053aa6ed1eef843f7ad4745f8040b84
derived_data/tables/lopo_units/TH50_25km_s42.json,5153,c82fc9747008f8015ecc15a8e0fad5d5f61672e7d3abf32396d15b3cc83cba05
derived_data/tables/lopo_units/TH50_25km_s7.json,4297,30c9952c5f65a9ffe7f1a6bf85056a750a3ac3a3248a0863091fe4155c977b88
derived_data/tables/lopo_units/TH50_5km_s0.json,4291,dde4f207badcb564c58d5c313ebd47583ab16c51e8aeaa635104201266c3496d
derived_data/tables/lopo_units/TH50_5km_s1.json,4285,62aef0eb1ad50e792b8cd3aa856c5cf15a951ccf1650cc927dab1c18938ad23b
derived_data/tables/lopo_units/TH50_5km_s2024.json,4289,96e24674cb7c1584d11bf557d5958e57dc9a58af351bc2f24204a58a59298fcf
derived_data/tables/lopo_units/TH50_5km_s42.json,5142,d9047733034e1395f23df5251161b6f4aea4b5f4eb7339ef7697b4cb759bdc61
derived_data/tables/lopo_units/TH50_5km_s7.json,4293,4c5a224e0e7fa1af81f8fad62846f58f26ea1eff23fe5e85fa2fcc3cb8139ca8
derived_data/tables/lopo_units/TH50_Rinf_s0.json,4290,c484d43a23558ff4c383bb1055660a5069f5b71fc17408fbc77494026ede8a58
derived_data/tables/lopo_units/TH50_Rinf_s1.json,4287,d2c501bb7b9c65eb23bbac6121324228d074037c399e477887b99e00f3baa64d
derived_data/tables/lopo_units/TH50_Rinf_s2024.json,4291,5b67f03fd2f78b4658fc8964fe50113c60865c93afbcca3de1cd9b2695559186
derived_data/tables/lopo_units/TH50_Rinf_s42.json,5150,fc389a7bd56cffd51f77df3393fe682a7ae577651bdb28839a8276ff31a4d3e5
derived_data/tables/lopo_units/TH50_Rinf_s7.json,4291,cd16c7ff8ee6c2f5522e273c4519af7928437158e15dc2c3fc932830c83a131a
derived_data/tables/lopo_units/TH51_10km_s0.json,4249,e08c659ee4fb59fda72f1353685756b965f2a2919c80bb9a3c78791b9e494419
derived_data/tables/lopo_units/TH51_10km_s1.json,4269,7afc843cb96e45d4722cbb5ceb810e27568cf2abfb1a58705125d73d1f6a21f1
derived_data/tables/lopo_units/TH51_10km_s2024.json,4266,d2fa53b813184c41554516290abe3ae61e48e6d964fe8e2dc19879efe5884d29
derived_data/tables/lopo_units/TH51_10km_s42.json,5105,e640a906622263a81e81c8da8eb07c39cc6c099098c86b3d49b4f171de50116f
derived_data/tables/lopo_units/TH51_10km_s7.json,4257,8ac3d3f1bf8bb40cfbcd92e22576d9962910b967a8f1bc1296e627252a1d1d9f
derived_data/tables/lopo_units/TH51_1km_s0.json,4240,3b8e01b4686e95a5549f8a0ad5d21b001e8dfde9a05f5140fe83247cdfbd28ae
derived_data/tables/lopo_units/TH51_1km_s1.json,4247,5bece2f7c3ad3e28d4f69039c240492e723265bee880e8c3f21820781d7f383a
derived_data/tables/lopo_units/TH51_1km_s2024.json,4254,856aa03ccc8dd62da6e2f723f759cc9392bf283db748cc561e296a572653ee61
derived_data/tables/lopo_units/TH51_1km_s42.json,5084,4f062e5e48bf16e053732b81a1c8882bc08bc34a85fdf7d5c4c38e425a2f18c4
derived_data/tables/lopo_units/TH51_1km_s7.json,4245,88c3177e9712e9d6b45fe5b4ba2382b58bd18fb98caff33f9980d5eb22dabd8c
derived_data/tables/lopo_units/TH51_20km_s0.json,4271,d05b68388dacc11177f9173155d9ee1c59263c5b78cc70641079d81d62a2ce8f
derived_data/tables/lopo_units/TH51_20km_s1.json,4247,a0ffbd6d9abe31c6ccd37e7d104f3bf44f408c9eebc6687d11770075f4a89aac
derived_data/tables/lopo_units/TH51_20km_s2024.json,4270,ad04e49f541fd512a676a72535fc9fc14530f8cde4a688043693480928d4b163
derived_data/tables/lopo_units/TH51_20km_s42.json,5100,0ab07ab29a44a90bbb42dd687aae11fdc7c66f7d2e6a2bb9381bf03f173fbcda
derived_data/tables/lopo_units/TH51_20km_s7.json,4260,a09bdc364fa16463866dde071fb039fa2c156dbc1d8cdfe049936bacf9631a1d
derived_data/tables/lopo_units/TH51_25km_s0.json,4272,8ec67f9751d1d6b7a6a703d4f81f053fd6ccff95633344d44225c36fdd4ed2d3
derived_data/tables/lopo_units/TH51_25km_s1.json,4263,46af4c1ab61e1ff29fbdb53b17f11eb4aee336ef7fc8a9d3cf480920a188d41f
derived_data/tables/lopo_units/TH51_25km_s2024.json,4242,d42387a0e537a21cd4b06e25ceb71623b7480a35bf96bf4b5594e48b19dabd6a
derived_data/tables/lopo_units/TH51_25km_s42.json,5114,0c4df2934fa22cb85863382b50385b0556576c90df06772bf2d12e4c336c65be
derived_data/tables/lopo_units/TH51_25km_s7.json,4245,4175f7690f18a338dec73db2f8381359a8a57e95922b773c7045a46ba2d8eef3
derived_data/tables/lopo_units/TH51_5km_s0.json,4249,c99f2234314e6e9dd46b870ef31bf94cb4dd92c91e7a7a7b73366966133c32f4
derived_data/tables/lopo_units/TH51_5km_s1.json,4245,3e21995748d06a808ee54c28dc2732d6cb768d85462213bda915db420db1c75b
derived_data/tables/lopo_units/TH51_5km_s2024.json,4256,bcbb651161989c74ea0657607fab784f296116b4256a793148511a9c9b820503
derived_data/tables/lopo_units/TH51_5km_s42.json,5102,3b8dfc6a94b54fc3a5ca749427d8b699a9672038dc28a819119db544280aff8d
derived_data/tables/lopo_units/TH51_5km_s7.json,4249,9fd46c41f6c6a003535d02a50c3513ebb21c44cd84cb24477f41e333a14edb58
derived_data/tables/lopo_units/TH51_Rinf_s0.json,4258,57919a5be8d7e2af398033196392c28474869c4fe4407da377e7073a6c921495
derived_data/tables/lopo_units/TH51_Rinf_s1.json,4265,b32b92fa4747f65245d0a890e40064dc24085db22c9ea2edb0fa832e5baa285b
derived_data/tables/lopo_units/TH51_Rinf_s2024.json,4268,2eb3e20d17a7728034efb823f130add0b970b1ec2f9fa8b22f08fcb3b1c2a084
derived_data/tables/lopo_units/TH51_Rinf_s42.json,5111,39396d6980f8ea3aab825fd3ef1fbc2fa81c145e0d04b8f1b929309e930df5af
derived_data/tables/lopo_units/TH51_Rinf_s7.json,4264,609badae981e0de263216c66106fa2fdb5f0170c2dc7af0ee0ee96a1bb78d19b
derived_data/tables/lopo_units/TH52_10km_s0.json,4250,0d3cabb6b7bb25592838b4fbc4862e25bb4527dd9c7e32c92dd1528e84fa6504
derived_data/tables/lopo_units/TH52_10km_s1.json,4254,3b3a61cee18e504c4be9d5bd2e9d540ff1dd92570b09ec53b9563a41272af771
derived_data/tables/lopo_units/TH52_10km_s2024.json,4252,5b5007cd81dc061788f5a6d2a13b8186b723dd32122caf0d2546f18499247702
derived_data/tables/lopo_units/TH52_10km_s42.json,5093,a360dfebbf3feef80d7a3eeafdeea44e8b2d4f63b127fba8aa9e808d4fe1e406
derived_data/tables/lopo_units/TH52_10km_s7.json,4255,37e4ae00f1d73c53f59b39d81e6f95a094887d63527f0fda6c530e2ac8ea5ce2
derived_data/tables/lopo_units/TH52_1km_s0.json,4243,bb697b0d8cd922cb1e4e6f3221d2a180ef6c5150cb71965bc491307f1991b2b1
derived_data/tables/lopo_units/TH52_1km_s1.json,4248,4661361ab4e255d34f9b7d2a08b6d82631c42cd125236fea9c52698180f74385
derived_data/tables/lopo_units/TH52_1km_s2024.json,4250,5c3b5caa48d822b5a17c592362e554031d93dab5b1380b7e608d399ec22e67e7
derived_data/tables/lopo_units/TH52_1km_s42.json,5081,c04a0b1b25295ab1f728530794180adc8e8da12d76e07435c1fb792bf9ed29d0
derived_data/tables/lopo_units/TH52_1km_s7.json,4250,8a2761fc863495692392b5a283d74aa32df4babeb7ee58051507de296b0a713e
derived_data/tables/lopo_units/TH52_20km_s0.json,4257,f673fc064e20f42f233ee04e040fc772eade7ba40a8d4634891ebb2cc41dcc1d
derived_data/tables/lopo_units/TH52_20km_s1.json,4247,091754ac2a00de691dba9bace55c967055607811dc19a1135d55874c943c2878
derived_data/tables/lopo_units/TH52_20km_s2024.json,4254,bd05d626b4ed8a8254cafebebc05a6b8a4b21c864b46a3c3ea2a23a231745b4a
derived_data/tables/lopo_units/TH52_20km_s42.json,5100,7d2112af54223edb3012c4b5a3846cba4c982d4e1b0975e6d9b317f89ce8990d
derived_data/tables/lopo_units/TH52_20km_s7.json,4256,1041a2ab6170cc887de66e9bece350c239847ed01be0c937a4c6864141de6969
derived_data/tables/lopo_units/TH52_25km_s0.json,4248,7678f46225360ac56399e46a7b75f3f0a1fd78792b7be0a709416ecf92735bbc
derived_data/tables/lopo_units/TH52_25km_s1.json,4252,b18791fd3fba3781836815b67065e3cfbd366821b7537ecc4bb5482fe8c9f906
derived_data/tables/lopo_units/TH52_25km_s2024.json,4261,e18cd0c6100c392c31e65d790a851cec2c68aa0991fbfb60d5ffd0fee08658d1
derived_data/tables/lopo_units/TH52_25km_s42.json,5095,08748b42aabe985008613f5bbac92ba30cda4ddb21982536b2b174ad7aee81d5
derived_data/tables/lopo_units/TH52_25km_s7.json,4255,87d5e2a9ee24e234b3ad45d73ef9c7a014d27b94fe6c2cc3013fcb30fb37bf92
derived_data/tables/lopo_units/TH52_5km_s0.json,4247,dba5eaa5b415cff5097978e13bf7e15a95db967de733cdaaeb0d2ffaeb2308eb
derived_data/tables/lopo_units/TH52_5km_s1.json,4250,cf0e0db7af93b53e3574bc925c0a7c91493f0b926a3e833de03974279d2a0db3
derived_data/tables/lopo_units/TH52_5km_s2024.json,4253,b2aeb31b44ab19b8fd9dba435a6450a0c631b8c9aef03cc390b037d9a0e6b40c
derived_data/tables/lopo_units/TH52_5km_s42.json,5062,7b2862bd9f1b4d708093e13baa8137a02e292114b968c8e7d373cec2de3e5169
derived_data/tables/lopo_units/TH52_5km_s7.json,4252,0408ab4518115094a419b92e25bb41ea620a8e094f26d588afd86f1563218f88
derived_data/tables/lopo_units/TH52_Rinf_s0.json,4259,43a43d449710ae696c3c43ea61f1df20a022634e6b83bda4accbca1aa1d6f935
derived_data/tables/lopo_units/TH52_Rinf_s1.json,4255,5c91e2a5bbf9d2fb70888a7a473080e2c1e983dbc4338b6f28a40a1a35922470
derived_data/tables/lopo_units/TH52_Rinf_s2024.json,4270,e3a9fd3013574e3d9d31e29edcef7cddf5004d17879d593858531614577cc506
derived_data/tables/lopo_units/TH52_Rinf_s42.json,5104,c6672122cc1c49f87948476f0b19602aac129df8f757e97168ad1a8591b3f3b0
derived_data/tables/lopo_units/TH52_Rinf_s7.json,4265,0698a693fc6b2f0268ef8dbfd6f8558ee539c6093880ee05aef7f46fd695e67e
derived_data/tables/lopo_units/TH53_10km_s0.json,4271,3ae27d5963d10816bc3e3e329aa475088803dd1c8f855bafe222cecfe5c79e93
derived_data/tables/lopo_units/TH53_10km_s1.json,4264,081bd6b54c6f1519e4f3a4584ba785c9d6c2685ee6ed3eb1135ed3f77bab1cfb
derived_data/tables/lopo_units/TH53_10km_s2024.json,4269,0e1ec24b6fd6f79bfe00009b6421d5a930b3bf4a1cd9dccca1912a631115141f
derived_data/tables/lopo_units/TH53_10km_s42.json,5110,d0d8211bb299bb434a54115262c636db71bc073179e260f7412cbe2818f2f03e
derived_data/tables/lopo_units/TH53_10km_s7.json,4267,11947c4710bcf1e78252c29fc64fc8c3298fac1c005ef8e8dbc02ba1df9aaacd
derived_data/tables/lopo_units/TH53_1km_s0.json,4243,d5cd038f25902d994f71bd3fe0a0cc8339b195796d28a5822974ae65d0fde55a
derived_data/tables/lopo_units/TH53_1km_s1.json,4241,634d7ae6dea4dea600f1ad8ac8f8f4148d31cfd8c3fbca87ce10f907c22ad55a
derived_data/tables/lopo_units/TH53_1km_s2024.json,4254,9ea2202aa4bee3ccd7f88359151cceb2d84bdb68033d967bd7cc67d0f582fe76
derived_data/tables/lopo_units/TH53_1km_s42.json,5086,0416e4f5317914bbe409c740db84c40a3e75ef5ff77f45686e5118a45c8e1411
derived_data/tables/lopo_units/TH53_1km_s7.json,4244,68793f471afb92e52d163693f111124f386d54e3a4890ba18335ba00d4520e21
derived_data/tables/lopo_units/TH53_20km_s0.json,4264,565c75cf2604a9fb7bc37cbb41d5dac9589cd9c5cc012b09a61249e2f13b9036
derived_data/tables/lopo_units/TH53_20km_s1.json,4267,2f7ad1523621655c4c1b3c17e3fedf0af95069d111a76650ed47885d9a686531
derived_data/tables/lopo_units/TH53_20km_s2024.json,4267,303031591765b225ff1edb86e9aebef4f2034414b7fb97d050a9f482505d0ca4
derived_data/tables/lopo_units/TH53_20km_s42.json,5119,0fc72513061dd27ade7e1a079f6410ae6b992c7b5c107db07a23ec76acb172c4
derived_data/tables/lopo_units/TH53_20km_s7.json,4269,e5f22c099cb8c43eca26dbce9e10e0d89b941a1b064710309109dd06e8a52e27
derived_data/tables/lopo_units/TH53_25km_s0.json,4270,8ad0162e355f695ac87968c95343ce3e9d7c269bed2cb6e7334930dd42a2b4ad
derived_data/tables/lopo_units/TH53_25km_s1.json,4257,02f5e49472fe54c13f4a9fa2822fa24ff3696b22e0ecff9b7cc0db5edc12afc1
derived_data/tables/lopo_units/TH53_25km_s2024.json,4272,35a5b10230da9265d0254c2cf4039b1754e7cc0f09411cfe2a46228a29cd240c
derived_data/tables/lopo_units/TH53_25km_s42.json,5112,f285dbec9d97a0c397680406d8634c588c6caedb08e8702abea38a4ea59a5137
derived_data/tables/lopo_units/TH53_25km_s7.json,4269,d91ebbe6a57fcdb52f6f1e4d8df0096f898c461cdc4fc034520ff262d4465e0b
derived_data/tables/lopo_units/TH53_5km_s0.json,4256,99076608771490f57082f0e6bf1c19d2d1753e005791ca9515e1512fe21db076
derived_data/tables/lopo_units/TH53_5km_s1.json,4261,9ba2fe22a431af69e1d913c1e21c46881a3deb1c3aa6721273a6fa8b6c4f5056
derived_data/tables/lopo_units/TH53_5km_s2024.json,4264,1f199d5b335c5c122d9a978abcf36ce4571d501932939b43da0144a8a9f07936
derived_data/tables/lopo_units/TH53_5km_s42.json,5109,889a23f6ae6e4904f8f4604fc639b02b7e8641209bb8d90d4f60a30ec80a6816
derived_data/tables/lopo_units/TH53_5km_s7.json,4257,ed078b1809445676e60405370fae9e740600ea54077cd1c0cab82cb7345f64eb
derived_data/tables/lopo_units/TH53_Rinf_s0.json,4271,ea429d73150a49e89e9d13f744b8b667b5db346778694bf7bf0f48e530861ed3
derived_data/tables/lopo_units/TH53_Rinf_s1.json,4257,e2fef7933639ac3edc52a38ac5eede09559b759a4852aef732b312212750e4f2
derived_data/tables/lopo_units/TH53_Rinf_s2024.json,4261,aea2ac9dcb97e24b010c79d88338116951a613942c14afde64cd11947ffc741e
derived_data/tables/lopo_units/TH53_Rinf_s42.json,5109,b8784700cb69a5e51d0932dc914374b5e9d4cc6b637cbfc79acb6397bb0d19a3
derived_data/tables/lopo_units/TH53_Rinf_s7.json,4269,0e9bc0b61e4a44b291d6b9330c1fe196d4447d424ce3f61328a565b0945a6320
derived_data/tables/lopo_units/TH54_10km_s0.json,4250,17b77a0a6aa756391e7f16ec174f931a5d5b71d461b9949589ca70bc46822a80
derived_data/tables/lopo_units/TH54_10km_s1.json,4259,5134e71098c8751ea46ee6fed11a1b3d0d4d51fd20323bbea0e30e8b46b55de1
derived_data/tables/lopo_units/TH54_10km_s2024.json,4257,6c585ce1ef168c6071384436435eebe435b537e0da72d828207a210235366327
derived_data/tables/lopo_units/TH54_10km_s42.json,5102,552fd1150e2840416f8fcf6e96dab073d2ccdbbed643eaf8553a4a6c4680738f
derived_data/tables/lopo_units/TH54_10km_s7.json,4250,217d00cd50463910ba9ffee706356ec478b18196ddf89cf19450503eb5d63f9a
derived_data/tables/lopo_units/TH54_1km_s0.json,4239,5df7bd695738df80e4537a453b698dac3849a1db7542e739c23bc95a8ed8520e
derived_data/tables/lopo_units/TH54_1km_s1.json,4252,e2e4d4d6a834529f2aa8d8c79c854234f5a221c49d583499e410ba852f571f3a
derived_data/tables/lopo_units/TH54_1km_s2024.json,4249,822c8eb80fc9b4192220f10134228f40a5cb1c8b843501a01c1d56cf72f64d57
derived_data/tables/lopo_units/TH54_1km_s42.json,5084,d4a4296eb6648c4243261d08011cd7d3114e5a872401d909297f8d74230f6e47
derived_data/tables/lopo_units/TH54_1km_s7.json,4238,8964b7aa9c2ad6cb7255a1e6f834b809b57900dd58a9b32db3e7e76ce7f653b5
derived_data/tables/lopo_units/TH54_20km_s0.json,4260,f3468f2c730e719dd74e24d9fd04381c533642a3b38f44c9bf3a3ec28adbdbde
derived_data/tables/lopo_units/TH54_20km_s1.json,4250,e1e78e414aaf7e400b841d44a3c6621f2afa73a443cb50ee1b1961512111e351
derived_data/tables/lopo_units/TH54_20km_s2024.json,4259,eeaab33d0d7a9d64d6cf07d06f81ea70bf7f08c5035b9e165a2fc8dcdf740309
derived_data/tables/lopo_units/TH54_20km_s42.json,5098,9ee314687ba20343a09e3dd364e9d237ff1ad71f8797c5040f0ebe90d071fd52
derived_data/tables/lopo_units/TH54_20km_s7.json,4259,ea59080bb7d5a67dafccaac4a8aa1a7851551a6d2638c3ac8a8e4991157e0b9f
derived_data/tables/lopo_units/TH54_25km_s0.json,4244,0205a7a99bd414532a0279c7a760d8cd489469b207ea7bff7ea992d1fff2ee28
derived_data/tables/lopo_units/TH54_25km_s1.json,4253,39edca80bc5dfe18f47f2b2b300e87f3e3a3860a414bff41b2cc307dc495c790
derived_data/tables/lopo_units/TH54_25km_s2024.json,4246,70a41276ea77b9ba9dc9c07ca500013a3d80e24fb9635bcf81671b7d3150ce4f
derived_data/tables/lopo_units/TH54_25km_s42.json,5101,8a36716ce530240c3435a0a77623197611080dee7fc925a4571a9f36186727d6
derived_data/tables/lopo_units/TH54_25km_s7.json,4254,714b43c4d1ced758a9ac638ac150c26602e4d2af992d66d7c6431942a12d7595
derived_data/tables/lopo_units/TH54_5km_s0.json,4246,5e21dcd61932de402d9051384727848cfd4c888e98cba78e054432abf00172cc
derived_data/tables/lopo_units/TH54_5km_s1.json,4248,6500eadc3998c24c311446846f30ef87bba8feff19abf9773f559b1cb9830939
derived_data/tables/lopo_units/TH54_5km_s2024.json,4249,b30425e5f5fe19a51a255f5783c5701ea6312503c62ddbb548ef7f9d10240c20
derived_data/tables/lopo_units/TH54_5km_s42.json,5090,04464e047023e30b83a4a79d4947f06a416153a860ab8a926df23a6f5afb6cfc
derived_data/tables/lopo_units/TH54_5km_s7.json,4246,5391a8eb5eb41511a8d7c80fee787d3cf4d6b4ba593f8f11f692ebd18eb8cc87
derived_data/tables/lopo_units/TH54_Rinf_s0.json,4261,d9892766e90b8ce3a630b74cae28e690522c51e6d7d1a725ef5e8297116549bf
derived_data/tables/lopo_units/TH54_Rinf_s1.json,4258,93eb46f1bb0437bb3b858536c5985f15268f019f9cde18610d7cccbd49da5737
derived_data/tables/lopo_units/TH54_Rinf_s2024.json,4260,ad7cf6d562e9097e4888f4c5c2122cb34a16f41bf1ae5e8533736a9fe084bfd5
derived_data/tables/lopo_units/TH54_Rinf_s42.json,5090,44651b937594ae7facdb1323d7c78d20b27af761e19012838eebdef0c69e9ea8
derived_data/tables/lopo_units/TH54_Rinf_s7.json,4256,f4f8911562fba7629eebe15dfe3358a023557c39b2de8607302e4dc7eda1b6e5
derived_data/tables/lopo_units/TH55_10km_s0.json,4259,e7f30e08ff2f4f8c7e0b0a82e7b1b1c1ede9473241e6ef1af32e9dfccfdba501
derived_data/tables/lopo_units/TH55_10km_s1.json,4255,36520244e7d48b7179c4e003fe646864f659f8149cd712e10bda53cd473a2b6f
derived_data/tables/lopo_units/TH55_10km_s2024.json,4262,caf91c0da5505c42fa71805634b4d225ef1b22917240595348235c878146d94e
derived_data/tables/lopo_units/TH55_10km_s42.json,5099,f408f89058c8ca31930dc8da26c4adaab8a23fc7de801e36efa26e1952716d88
derived_data/tables/lopo_units/TH55_10km_s7.json,4256,d751eee2d220e58db2965f36916510270024de93c0a0c8e370d0d00220fb1a0d
derived_data/tables/lopo_units/TH55_1km_s0.json,4249,f7e5a71fe597379ff49158e593ba88136217a8afe3166bdf70af466f00460447
derived_data/tables/lopo_units/TH55_1km_s1.json,4244,ff0ca78458e0e0e7d863ae7e088bed2fefa90adc10e5c5b371740215ec4db796
derived_data/tables/lopo_units/TH55_1km_s2024.json,4245,c0aba818419f847319af300f715f14b81082c3b8162213a970160b61bfc7f502
derived_data/tables/lopo_units/TH55_1km_s42.json,5083,ea79fd7ce86c17d686ae3a50b98f8b58da3712f6cfbf2f09b1665108c6cd7759
derived_data/tables/lopo_units/TH55_1km_s7.json,4245,50874a072f4f784309a703be12616bd4601bb65fdd3d0c862bffd1b810d86538
derived_data/tables/lopo_units/TH55_20km_s0.json,4265,3df82c60f914d41a8e56b510f80186af408ab697d9a6383eddcb9138b105cd30
derived_data/tables/lopo_units/TH55_20km_s1.json,4268,da89b12de3b9baf219a8f922d45cb89ec9191bc1ac4ad0bc85181326f875a42e
derived_data/tables/lopo_units/TH55_20km_s2024.json,4267,65c1b54eba2fde016b689b0ab38a9841f6897ec7f946756987cadf9c7a8d977c
derived_data/tables/lopo_units/TH55_20km_s42.json,5119,9aa4b6254a0e88c04a27182b4092033781e8b092f5f2cc2d2d9fa2200045dc19
derived_data/tables/lopo_units/TH55_20km_s7.json,4269,cd0294a56fbf7dab7f13ab8468686845ce9f13c2304203994865c795d2941eef
derived_data/tables/lopo_units/TH55_25km_s0.json,4267,5bf7f01e440616ba3b96cabff29b7daec8b8f541ea4aafb3c7c937f7a87b5b46
derived_data/tables/lopo_units/TH55_25km_s1.json,4262,3526e40400d7aed92cfeb859aabcb765d57158cc61656eb2838f7f23f7933bb2
derived_data/tables/lopo_units/TH55_25km_s2024.json,4267,3b4378474fe87fb9df3eb1ef46fb3c238adcbec96a1cf312b15ee4ac02694608
derived_data/tables/lopo_units/TH55_25km_s42.json,5108,d3bd82fa9ffd6100f90976b807b5673e01bae4c301aeb1687a638d777226d281
derived_data/tables/lopo_units/TH55_25km_s7.json,4263,24de32f5aaa85a99b575336b93450c6693243a3fd02b8f7b9b141bdf6784c8e1
derived_data/tables/lopo_units/TH55_5km_s0.json,4247,cf5ba57d50ad4a17951239df686aace67fd03af1280a849c25fe72347c30d309
derived_data/tables/lopo_units/TH55_5km_s1.json,4242,f93ad5e837ed499e1888bd9ad933d152bc8d7deb22b1f997d390be448f82fe2f
derived_data/tables/lopo_units/TH55_5km_s2024.json,4259,348f92e29bcfe3487515beeddbadca38881ff149f73889be5c15ff45fc27268e
derived_data/tables/lopo_units/TH55_5km_s42.json,5096,76b40af905d3b6b4556814b915ef00cad06a94f232233a3674538ff385358a0d
derived_data/tables/lopo_units/TH55_5km_s7.json,4256,a32c90c51ad04d7b08471979b48b893368f742c257042165e9edd785a0edebe7
derived_data/tables/lopo_units/TH55_Rinf_s0.json,4264,42211f72ebc42b7fcb615abe0464fc775ebacb705ac5f6d3f64a4b8dc86fef2d
derived_data/tables/lopo_units/TH55_Rinf_s1.json,4266,c4ee39b5240cb37da1d8f36d82a21f232938d32d8d63e2a883313f4e140128ed
derived_data/tables/lopo_units/TH55_Rinf_s2024.json,4268,0b23c3ebf7e1e354d95d9973a22e0602dce11275f6e16d9bd4d0c6210d6c2a84
derived_data/tables/lopo_units/TH55_Rinf_s42.json,5117,b386270ebbd0fc469b661576ac859a758eb858988b23ad8833b1bcfe75b35076
derived_data/tables/lopo_units/TH55_Rinf_s7.json,4258,807d5b320131f04831f10dd306bb7b5a5239c40fa6e1c3c45a30f9fafbd2594e
derived_data/tables/lopo_units/TH56_10km_s0.json,4258,1502795a7b985eeca2b6aed92dfb48044133f8ea87c187e3cfccdce63df96d86
derived_data/tables/lopo_units/TH56_10km_s1.json,4254,76b5307f8fd48740880e734aacecb06b50d435160125b8bf3ea4c17be3ea6407
derived_data/tables/lopo_units/TH56_10km_s2024.json,4250,c4954e5b88f6a1643ee846c3f4288c890d7ddbbd538f56fe04fa275261dd39d7
derived_data/tables/lopo_units/TH56_10km_s42.json,5105,ba6c95600ce7695c233a126c88bd6a431e672ee5820d45662023e06df629f2a7
derived_data/tables/lopo_units/TH56_10km_s7.json,4248,54b6bb6865e22f24aa01f26964e5d4ce5fa7244db93dc151ed90ad270f470824
derived_data/tables/lopo_units/TH56_1km_s0.json,4231,d126cfbf062af02cebbeb2266e1d4913e7fb3e794df0e65da83645171de43352
derived_data/tables/lopo_units/TH56_1km_s1.json,4241,cb92636674eedcf67829c45b733988fe7d25c556025fece139819a99e4fb3e61
derived_data/tables/lopo_units/TH56_1km_s2024.json,4245,55ffed245c7c9ad77631b634d0ddc285061e237cad4cb5a5e38bcc367c13b594
derived_data/tables/lopo_units/TH56_1km_s42.json,5083,881b8e101b7dd5d70d480da9767f80242a5f2f2be2d9560623299e43125e2019
derived_data/tables/lopo_units/TH56_1km_s7.json,4239,869e1ca924a6b71255016f7257ca9af6a2507d9ed9b5ae0b6676408487ea617b
derived_data/tables/lopo_units/TH56_20km_s0.json,4268,cf6323417065be53336df01aee859155be60b7ec29b0c06c1386bcef1ff47fd7
derived_data/tables/lopo_units/TH56_20km_s1.json,4263,c03436bcce129ddbf19f3a5e98ba3eab528628c0d51b855bec9bccf52ff99178
derived_data/tables/lopo_units/TH56_20km_s2024.json,4257,ab86651dc885c65cab0db0ac0a35a11d68a756c203484dbbd8bfd051e1988602
derived_data/tables/lopo_units/TH56_20km_s42.json,5108,278f893bdb951b6db7bf844f519c1c42e10e3ff0c07aaa93121db02568a5005a
derived_data/tables/lopo_units/TH56_20km_s7.json,4249,943fbd8d2b8fa261f9822a9a969dd9788679197bb9a4a8b1e52bbd48824b6765
derived_data/tables/lopo_units/TH56_25km_s0.json,4258,03ec214c2d77cef02e4e7f480bf64fc91e43e4c90b784141516cb97bc183a0d2
derived_data/tables/lopo_units/TH56_25km_s1.json,4257,5c6aff5bd57b38388db32c6d2a0615bc99737689d38e91dbfa3e1ad27919bb85
derived_data/tables/lopo_units/TH56_25km_s2024.json,4260,6bd629f526667c7c80d8f6f687804670af4dcff8502da4dcc9569f83a052a562
derived_data/tables/lopo_units/TH56_25km_s42.json,5100,7118e208ec71e650ae089a6e6d3c8d7b467cd71d6b3a15b36421c9bf4d1955ae
derived_data/tables/lopo_units/TH56_25km_s7.json,4253,51189c1bf260b855d9f9b397d8599ff4f1ff140570dd45d9d8648988171e84ac
derived_data/tables/lopo_units/TH56_5km_s0.json,4248,80c388a94041c78e2f388e3ca84f2fb63e680b01b486783254039c6ee13b75b5
derived_data/tables/lopo_units/TH56_5km_s1.json,4254,d403bfd76036567cacb21d1e0d0eb9e543a91ebfb0dab7abcfda40cc8bb5b5a8
derived_data/tables/lopo_units/TH56_5km_s2024.json,4252,ef2d57aa3e964776d7a7ef588ef584a9c2c7325b5c6a13734a1f321716380302
derived_data/tables/lopo_units/TH56_5km_s42.json,5107,12e9f171d47e70489201d724a41cf1e494d3d0a50763c2c3be02e9d219d34c28
derived_data/tables/lopo_units/TH56_5km_s7.json,4249,3d39d45df6738878a920c34fdcd18fdd2ff4bc88d072ec47ed3e873840ba8d2d
derived_data/tables/lopo_units/TH56_Rinf_s0.json,4256,6ae8884f4dad153027ffc9a4cc3becd7e0da4991c8e92347530d1091c307a2db
derived_data/tables/lopo_units/TH56_Rinf_s1.json,4255,ab1ade42d2db017194a9c843d551fb74f228a89829d241e6788b8b5a4786f22b
derived_data/tables/lopo_units/TH56_Rinf_s2024.json,4259,f0fbe72c663450815775aa398f5b1ce1af0b70a8aebcdae2b917e627430fc804
derived_data/tables/lopo_units/TH56_Rinf_s42.json,5098,8b515730a5023b1ecb6d4ce4a07be662b8bcdbb50de2b81ddcf84bc3330bd076
derived_data/tables/lopo_units/TH56_Rinf_s7.json,4250,ed56685c27e7a6ccc553f9da40fc6af618eb9ad6a3ea5c4fd7e8c3f7df3d7521
derived_data/tables/lopo_units/TH57_10km_s0.json,4257,d67fc65afe9f4d609f3871309ccc6763662f3bbc535a271d0e4e378ca4dd68a3
derived_data/tables/lopo_units/TH57_10km_s1.json,4262,158de0450352b2741526ec69c2ba0016ccb3fe086300b828852c709272fb2265
derived_data/tables/lopo_units/TH57_10km_s2024.json,4262,83c965999c26608e2f5ac7d374e9c5200841df8a4b47a944b64616ab2eea085b
derived_data/tables/lopo_units/TH57_10km_s42.json,5105,b86bb11d29761cc7c169c6fe07899d7f0ed062b4f9056914a59b8e9bb47d5220
derived_data/tables/lopo_units/TH57_10km_s7.json,4251,90141a9b016bb80419cc19bac7e2d62d27ddfd2bc1e4aa02504b4bac2993f720
derived_data/tables/lopo_units/TH57_1km_s0.json,4259,5f6eed334114d5f88c04e0850ec7de25c244eab39ea9c9382e8e79038777f75e
derived_data/tables/lopo_units/TH57_1km_s1.json,4251,d1d27b3d6d429ca7e8697c6f85fafd3d0a5b367275764c58751ad898b03d0bc9
derived_data/tables/lopo_units/TH57_1km_s2024.json,4268,52ba4b588704076f8483adfde4dbca0780e63986d18571a278be18166556233e
derived_data/tables/lopo_units/TH57_1km_s42.json,5109,4665efad217b409b3cdb64c0b1b8d8a55df309892898cfb2500651f972d25259
derived_data/tables/lopo_units/TH57_1km_s7.json,4259,820157b31b34c5a16dd2a4fa21d54868b113285343bbcf8d4b4548e23a83b73b
derived_data/tables/lopo_units/TH57_20km_s0.json,4264,96d0bfb40df383c95c66babf0108a48416aaf78792612f3363eab24a51ee3ef4
derived_data/tables/lopo_units/TH57_20km_s1.json,4257,70450ad3f0dd403243f5681fd5a09edd5ff7a77c838df0f433a8e4d4e7023b25
derived_data/tables/lopo_units/TH57_20km_s2024.json,4261,11588883ddfb6a4db74c17cd32a93bc4f29b9b4e06547ab18de5ea43934ad560
derived_data/tables/lopo_units/TH57_20km_s42.json,5103,2b8d6fd340049cc577a53a2a78deca8634855fdb2841339c7ccdf0e62c1fef1c
derived_data/tables/lopo_units/TH57_20km_s7.json,4261,782dd2dbd371affa23b28c18058d0c9b98c0502928bcdcac0b2547ca4ad6d2e8
derived_data/tables/lopo_units/TH57_25km_s0.json,4265,f757817d3f2bd1f05b3a35e3bf61cb26a6a6b420f336db597403e5ffdfce4920
derived_data/tables/lopo_units/TH57_25km_s1.json,4249,9571101af0498e8186b9578d491a71a015cc7c3aa9eaa46a5e1b38d16eb60db6
derived_data/tables/lopo_units/TH57_25km_s2024.json,4259,82a423d6f12afe5df371468677183f33b11654e872e1c75470adf048223bb5b1
derived_data/tables/lopo_units/TH57_25km_s42.json,5110,7dd4bfda8ae4a311567bd630579a9b62ef30d0dcade14975a45337cdbb0b79c5
derived_data/tables/lopo_units/TH57_25km_s7.json,4262,ca3594fec85c423c61e255fab43d4e24f84a0cec2767eaea023b85b5c03003cb
derived_data/tables/lopo_units/TH57_5km_s0.json,4258,e15c8614eba6118fa5e34185da1c442d04b8fc08e1ca7ef4b02cf531b822c8ef
derived_data/tables/lopo_units/TH57_5km_s1.json,4256,167a0ff1ee8a4789011010a6650d6eb92e70014e00a8c5846ede43a2d11beb3e
derived_data/tables/lopo_units/TH57_5km_s2024.json,4256,0426afe4f732ebfc96aa8ca9ebaef6566bcba042f9f29aad303292e597641712
derived_data/tables/lopo_units/TH57_5km_s42.json,5086,34bd650810dd92a8c41fdeae385840bda278c98729b5e40b2ef00f1785fd14ac
derived_data/tables/lopo_units/TH57_5km_s7.json,4254,085157d9d64f07622efdd01179a1718747cd154a457eb78e9412c5102636b699
derived_data/tables/lopo_units/TH57_Rinf_s0.json,4251,3356707a11a021f749249fa1ab581b9d5028d380268ac6d69016d44fda34b7fb
derived_data/tables/lopo_units/TH57_Rinf_s1.json,4248,4c68e3746820aea6284e704d67ea4f4c57e3808e05337d55248d4b92d69a3e36
derived_data/tables/lopo_units/TH57_Rinf_s2024.json,4265,10068d189bc3225df7f097dc6a7d60ff34493e42c96fa414d9c138122e5c2adf
derived_data/tables/lopo_units/TH57_Rinf_s42.json,5115,089c5671d7ea97b3cb44dd11327fc23715fe57ee8cfeffef51cc344754103413
derived_data/tables/lopo_units/TH57_Rinf_s7.json,4252,5b4ce97bcabbff3e20d318ddc84a84b212a876d764fa217fa938a5e8d60af2e0
derived_data/tables/lopo_units/TH58_10km_s0.json,4268,33f235b77b87099fcff67fa576fe35bec500f5b940404ac019e0ede1bd1b3436
derived_data/tables/lopo_units/TH58_10km_s1.json,4260,35b054100c2a69bbabc538c0d7478a9863d88049a2235517774a9f06cc8f7bdc
derived_data/tables/lopo_units/TH58_10km_s2024.json,4264,cd779a58ca3cc41df8a1802ae0ef2e5117c5b7a12fd4acf3eb01cfbd52501841
derived_data/tables/lopo_units/TH58_10km_s42.json,5123,0209fe487b57231cca6ff7d9d24da739144fdcc2877f521021a460f12ae626ff
derived_data/tables/lopo_units/TH58_10km_s7.json,4239,8c25cb63ec0f6395530ea942352e4806607012539f57ef7f9ec4cbaa8de595ea
derived_data/tables/lopo_units/TH58_1km_s0.json,4260,6dc532f046ae6ecf8177443a5ec2b7afad37e06afada02dcacf3706434aabc33
derived_data/tables/lopo_units/TH58_1km_s1.json,4210,c1b5add66c02524a4037b278fea9a7f848697c7f9544f0e166ba9be00b7d3e66
derived_data/tables/lopo_units/TH58_1km_s2024.json,4251,8a3aaedb4445abcef06eca244a720d5feea49929030d3a4a361b0164aa19ab5f
derived_data/tables/lopo_units/TH58_1km_s42.json,5077,a5573027d40d2955f7a8bbd565e6b9e6f20c57358cbace1c8c7cb6789efd9ab0
derived_data/tables/lopo_units/TH58_1km_s7.json,4226,b2ab8196a5033c000a46d4559b553fa0bf54cbbd2a6f0f2b0a8230d20524cc23
derived_data/tables/lopo_units/TH58_20km_s0.json,4275,784f352bef80db1c5acda531ceada21d555491884ccc0311ad1f4bc6c6caae85
derived_data/tables/lopo_units/TH58_20km_s1.json,4256,d9d656ccb8cc117df16a8dbacb92c6ec2eea8846731afeb93166c70b92b362bc
derived_data/tables/lopo_units/TH58_20km_s2024.json,4267,60140027d23d95ed937f939f4025c9728ef4c63e152b20d548f704d786e958a0
derived_data/tables/lopo_units/TH58_20km_s42.json,5101,fd3f8e3768d19873c267724074eeb78942c26429b36bd9306cdb0895d72f5f3e
derived_data/tables/lopo_units/TH58_20km_s7.json,4266,2fed9a6a97474f7abf16a435a31d3920c4ab6d15843b03a26090dc0f72b3ac0b
derived_data/tables/lopo_units/TH58_25km_s0.json,4272,5ff5792abce51970f937b5347bbe96bf91db3930a2a103a6bfead52b766a848b
derived_data/tables/lopo_units/TH58_25km_s1.json,4273,b09b711d6ec112e48dc18af700897acdbdd6333c0738d638bc9bc1d0e55c20d3
derived_data/tables/lopo_units/TH58_25km_s2024.json,4273,0ae2ac5ee7b8f66a9d4b2b9a80dab6e9224012b6e855f4223344091eba048293
derived_data/tables/lopo_units/TH58_25km_s42.json,5073,1c147b7fef0031c19a65c216ee379ce350884d5f2a78dff8205014e29514e1ee
derived_data/tables/lopo_units/TH58_25km_s7.json,4267,6c118d63782eb102316b1e49f7f1652c9ca4c6470b40bea0a2b4bbcce16ed31d
derived_data/tables/lopo_units/TH58_5km_s0.json,4247,d724aba002d1e86d4ac7697f6eb32d5e446434232801bb2df6f9bc9e88738fd0
derived_data/tables/lopo_units/TH58_5km_s1.json,4223,cd195c2beff98cdd774a643dbee706bc4febc3dcbac57ca9e0388f30a225d57e
derived_data/tables/lopo_units/TH58_5km_s2024.json,4265,9d8f68ebd9870342e515ebd3f1c1fbc5196f6a8d4e0b988420f28b919a4cee11
derived_data/tables/lopo_units/TH58_5km_s42.json,5104,c9f70360bf27db411520bfb6d4e5ebb8e516c842d5d2d87ece964d3d04193ecc
derived_data/tables/lopo_units/TH58_5km_s7.json,4248,b606dc43eb9f776bcdd8ad5a179c6c557349f80536d0eeca114595109ccf048d
derived_data/tables/lopo_units/TH58_Rinf_s0.json,4268,807f1d8abeb8148592509c2b16443bee84e2d141697e49eb7962a876f8b355ff
derived_data/tables/lopo_units/TH58_Rinf_s1.json,4273,674e4fd0a8174979bbeb2ba5155a5aeb856b7c547b9c85fe768c0480d1a55eb2
derived_data/tables/lopo_units/TH58_Rinf_s2024.json,4263,a7e377700268cbe48ff7abbfe0d6e10d251a3813fdfa5d2244d12686a1da68d2
derived_data/tables/lopo_units/TH58_Rinf_s42.json,5103,092c4647727db0fbf358d0c01b11588b044f7c449f4e78e4f0db2f1339913e28
derived_data/tables/lopo_units/TH58_Rinf_s7.json,4270,f0c62d73b63a887834ca61761cf954940eda2b1137a57939633cc43c2a575e76
derived_data/tables/map_similarity_by_province.csv,644896,7bee4972bac7a38279d7bf2ed498246b5387d28df9c9e8d8b0fce5a4ce689f1f
derived_data/tables/map_similarity_summary_across_seeds.csv,169958,5886be91e920cbd29822b45ee2cd8f46a6653bbc10cf6b96aaaf15166054c71b
derived_data/tables/posthoc_jaccard_draw_vs_algorithm_2026-10-02.csv,28523,b0f1794b8cdd78d04d4ec15d6e80fba21e438397fd6252384d36c65f257012fb
derived_data/tables/shap/shap_summary.csv,12388,166f7a61762af1ccb33e2d3269a134230b09a519fb467abf930e21e5f6908106
derived_data/tables/shap/shap_summary_coverage.json,55,b4d197acd5d93e59c360a4debec90cbec2780410fdab8fbcba52245a6e234dfc
environment.yml,546,588a1b7b0fd7b769aa099a6a558b409c94ff18722c82516985122a76b739b517
environment_lock.txt,5632,89040f7417516529d39960c34bf29050fcdf2dae28655385905d0dbacd755354
integrity/chronology.csv,1467,d6baedf05800699dfd2ee718eda6c26ac3b716006871984596a276e8ff156e01
integrity/input_hashes.csv,2894,0dc5c016a8e52f517e411e5963432c28beb4d4470462c4929e98b132d8725469
integrity/output_hashes.csv,102684,3fd1ece27ea6a99c6aad0872e59dfb3723f4ba86ddd459fc87f979f309576d3a
integrity/run_logs/run_log_2026-10-01.txt,2626,b558731c93b6da5fe4054fcb99d7b9d65d676c601dcf19aafd3387cb5c94a8bd
integrity/run_logs/run_log_2026-10-01_resume1.txt,37020,18acae4656a2f15b178b2496b50b5897acb2e119e879dbe493a225bb4bca4f4c
LICENSE,1805,c0acabc15bc496f12a675c98c4373619d9819e6d9730e784a2c8b4cfa2a43f70
preregistration/amendments/amendment_1.md,6410,beb49c11ba699cce4eba835ee203724118e4afcfb82ccb367ecd30eb1b349a09
preregistration/amendments/amendment_2.md,3243,def28dafc3ad66c831470ddb72f3fddf38a4d5ec05035ad9b7822ddac341749e
preregistration/amendments/amendment_3.md,4155,1debe90dcce2aaa69d8a0e05aff18879046c494ae9ea78c22be33b55a2310e6a
preregistration/amendments/amendment_4.md,6687,2fabffee721ca20a3b2dfb94e0f5034b3249b032081885e2f69ae387758b834f
preregistration/posthoc_spec/posthoc_consensus_spec_2026-10-02.md,3371,d8a067852b3720d83d2821ec851c25b3487f8f12926c743ca73030827a8d1857
preregistration/posthoc_spec/posthoc_consensus_spec_2026-10-02.sha256,134,7b340f400b64f6990b54449fb12f62d8a2949aa415acbd7b61edeee8d382dfc1
preregistration/posthoc_spec/posthoc_sensitivity_spec_2026-10-05.md,4513,5c6c364724b4945d68cf3179e324462320a3fe9e71db1c1f4895ad2b06d45e74
preregistration/posthoc_spec/posthoc_sensitivity_spec_2026-10-05.sha256,105,53d21e9e474eecced04949504ade7531ffa46444b65e7937a77cf1a8e2670d5a
preregistration/pre_declaration/input_lock_2026-10-01_redacted.json,17445,55b102cfeb5126548c037263c117b8304d6b38abd0eac218312fc19207b7c7af
preregistration/pre_declaration/predeclaration_2026-10-01_redacted.md,27807,1b7412d457a3f32c5c37e3d7e9373b2455873b11c3c58e39e538073a3d4a226c
README.md,11127,36ed36e5dd6082c5942ec9f84e147b05de207fdf75c2e7ded0df14e239587323
test_points/test_points_manifest.csv,1666,6f83645887182fad77f0e4a37b35201d57630b132177d171cccbec9ebd5b0d0b
test_points/test_points_release.csv,592811,f5f31b0761cba6e800fcb2ba047b2c33c5a362d64ed5c07f6f99e86f0b5b0652
