learner,radius,a_med_draws_of_med_folds,b_med_folds_of_med_draws,c_pooled_median,d_pooled_mean,max_abs_diff_from_a
LR,10km,0.9720296850050804,0.9720296850050804,0.9720296850050804,0.9679647557785739,0.004064929226506475
LR,1km,0.8904130467916476,0.8904130467916476,0.8904130467916476,0.8891881275926226,0.0012249191990250097
LR,20km,0.9717756568442444,0.9717756568442444,0.9717756568442444,0.9683088507123004,0.0034668061319439447
LR,25km,0.971830091450138,0.971830091450138,0.971830091450138,0.9684451126171519,0.003384978832986052
LR,5km,0.969740121039516,0.969740121039516,0.9694531136594572,0.9656209434405164,0.0041191775989996016
LR,Rinf,0.9715397735520396,0.9715397735520396,0.9715397735520396,0.9683406921156584,0.003199081436381146
RF,10km,0.9743975903614458,0.9755658234787375,0.975500587206214,0.9745744797461151,0.0011682331172917504
RF,1km,0.9123239947742776,0.9127249325511744,0.9123239947742776,0.9075473186750606,0.004776676099217059
RF,20km,0.9743941472336534,0.9739212154436524,0.9739212154436524,0.974338386758936,0.0004729317900009633
RF,25km,0.9739368998628258,0.9744694181220142,0.97430686601829,0.9741252420336612,0.0005325182591883193
RF,5km,0.9736862714386404,0.9739258237770358,0.973240696070835,0.971828010279838,0.0018582611588023878
RF,Rinf,0.9731748209114464,0.9743127887853396,0.9738895340397736,0.9741192946838767,0.0011379678738931975
XGB,10km,0.9756134735558604,0.9754875088104004,0.9754875088104004,0.9729868896505449,0.0026265839053154494
XGB,1km,0.9194004935404269,0.918492116531769,0.921936573465941,0.9179002562981989,0.0025360799255141897
XGB,20km,0.9745790390477572,0.9762231367169638,0.9746244012193352,0.9736586313538732,0.00164409766920659
XGB,25km,0.9743127887853396,0.9743127887853396,0.9747826767953636,0.9731933492503327,0.0011194395350068165
XGB,5km,0.9718663811874002,0.9718663811874002,0.9718663811874002,0.9690657639352088,0.002800617252191384
XGB,Rinf,0.9756134735558604,0.9740893156531016,0.9743127887853394,0.9733554504702083,0.002258023085652039
