comparison,radius,a,b,median_dAUC,min_dAUC,max_dAUC,folds_a_higher,folds
algorithm pair,1km,RF,XGB,-0.009754610577655809,-0.03851566898104708,0.04663581345674639,1,9
algorithm pair,1km,RF,LR,0.028428224606468877,-0.03152561456183156,0.08045567817728727,7,9
algorithm pair,1km,XGB,LR,0.03531991542015833,0.002993903324140179,0.05230068562659329,9,9
algorithm pair,5km,RF,XGB,0.002301117685732823,-0.003471570651153999,0.017443930224279036,6,9
algorithm pair,5km,RF,LR,0.0027474567461204247,-0.001722922703422447,0.021338210638621957,6,9
algorithm pair,5km,XGB,LR,0.0017056176513283727,-0.007926881954422815,0.016918152720621915,6,9
algorithm pair,10km,RF,XGB,0.0012193263222067818,-0.0024267941464555243,0.007831968672125211,8,9
algorithm pair,10km,RF,LR,0.003250344770453606,7.831466833752021e-05,0.01993592025631885,9,9
algorithm pair,10km,XGB,LR,0.0050424201667568225,-0.003836538699536929,0.015089163237311354,7,9
algorithm pair,20km,RF,XGB,0.0007620789513793635,-0.0022711253817839783,0.003559985760056783,7,9
algorithm pair,20km,RF,LR,0.0038862817907596714,-0.0010890819534169482,0.01993592025631885,7,9
algorithm pair,20km,XGB,LR,0.004081441170951661,-0.0014400875573233884,0.016375934496262068,8,9
algorithm pair,25km,RF,XGB,0.000843736391348604,-0.0014096640300728103,0.004989103337483147,6,9
algorithm pair,25km,RF,LR,0.004381985774423058,-0.0007673077399071859,0.018511925952296115,8,9
algorithm pair,25km,XGB,LR,0.004013258820951271,-0.0025441546846050045,0.014595941616233565,7,9
algorithm pair,Rinf,RF,XGB,0.0006683002895968571,-0.003367530738507263,0.00561954166813361,5,9
algorithm pair,Rinf,RF,LR,0.0041628291156819985,-0.0009900745031063973,0.01922392310430765,8,9
algorithm pair,Rinf,XGB,LR,0.0031572071418202174,-0.003424208191857847,0.016019935920256412,7,9
radius vs 10 km,1km,RF_1km,RF_10km,-0.06387901001596763,-0.11423343966973154,-0.04360432534635439,0,9
radius vs 10 km,5km,RF_5km,RF_10km,-0.0028193714177819906,-0.009255962976148058,0.002895900015241648,3,9
radius vs 10 km,20km,RF_20km,RF_10km,0.0002511140331653561,-0.002895900015241648,0.001782698442484798,5,9
radius vs 10 km,25km,RF_25km,RF_10km,3.195996785743116e-05,-0.0048773052888280155,0.0022987427284669737,5,9
radius vs 10 km,Rinf,RF_Rinf,RF_10km,0.0005262011903035546,-0.0050297210791035996,0.0023456558453743837,6,9
radius vs 10 km,1km,XGB_1km,XGB_10km,-0.051594933952678224,-0.104307582769669,-0.03511907372483636,0,9
radius vs 10 km,5km,XGB_5km,XGB_10km,-0.002758020031935038,-0.019935920256319073,0.0016446080350848158,2,9
radius vs 10 km,20km,XGB_20km,XGB_10km,0.0004691311690747657,-0.002895900015241537,0.005173139278730643,5,9
radius vs 10 km,25km,XGB_25km,XGB_10km,-4.691311690740996e-05,-0.0035055631763452055,0.003203987184051127,4,9
radius vs 10 km,Rinf,XGB_Rinf,XGB_10km,7.305135510271565e-05,-0.004115226337448541,0.003341501447983952,5,9
radius vs 10 km,1km,LR_1km,LR_10km,-0.07830556097810737,-0.12103951584193673,-0.04986379739680047,0,9
radius vs 10 km,5km,LR_5km,LR_10km,-0.001158470435002612,-0.0077114836730222125,0.0007831466833739809,1,9
radius vs 10 km,20km,LR_20km,LR_10km,0.0,-0.0010669105319311978,0.0030909854627801936,4,9
radius vs 10 km,25km,LR_25km,LR_10km,0.0001524157902758061,-0.0016446080350849268,0.003826064723500555,5,9
radius vs 10 km,Rinf,LR_Rinf,LR_10km,0.0,-0.0018795520400971544,0.00406804733727828,4,9
