a,b,province,n_top10_a,n_top10_b,n_intersection,n_union,jaccard
RF_10km,LR_10km,TH50,8433.0,8827.0,6935.0,10212.0,0.6621621621621622
RF_10km,LR_10km,TH51,3166.0,3624.0,2697.0,4070.0,0.6590114827758362
RF_10km,LR_10km,TH52,6233.0,5999.0,4292.0,7902.0,0.547784024055432
RF_10km,LR_10km,TH53,3451.0,2873.0,2209.0,4134.0,0.5450492726419521
RF_10km,LR_10km,TH54,2031.0,1734.0,1325.0,2324.0,0.5701376936316696
RF_10km,LR_10km,TH55,2625.0,2609.0,1960.0,3269.0,0.5942290351668169
RF_10km,LR_10km,TH56,2694.0,3249.0,2043.0,4029.0,0.526433358153388
RF_10km,LR_10km,TH57,8664.0,8421.0,6739.0,10403.0,0.6308743680958622
RF_10km,LR_10km,TH58,741.0,1009.0,464.0,1305.0,0.346483704974271
RF_10km,XGB_10km,TH50,8433.0,8895.0,7190.0,10378.0,0.6867001611527159
RF_10km,XGB_10km,TH51,3166.0,3182.0,2685.0,3738.0,0.7257795100222717
RF_10km,XGB_10km,TH52,6233.0,6094.0,5076.0,7251.0,0.6896838602329451
RF_10km,XGB_10km,TH53,3451.0,3165.0,2288.0,4009.0,0.5780809031044214
RF_10km,XGB_10km,TH54,2031.0,1752.0,1358.0,2476.0,0.575168287210172
RF_10km,XGB_10km,TH55,2625.0,2855.0,2101.0,3330.0,0.6383799421407907
RF_10km,XGB_10km,TH56,2694.0,1944.0,1611.0,3094.0,0.5466576179165252
RF_10km,XGB_10km,TH57,8664.0,9702.0,7368.0,11068.0,0.6747100635989525
RF_10km,XGB_10km,TH58,741.0,916.0,596.0,1067.0,0.5585754451733833
XGB_10km,LR_10km,TH50,8895.0,8827.0,6893.0,10897.0,0.6352753391859537
XGB_10km,LR_10km,TH51,3182.0,3624.0,2668.0,4133.0,0.6605595444416935
XGB_10km,LR_10km,TH52,6094.0,5999.0,4149.0,8014.0,0.523731380964403
XGB_10km,LR_10km,TH53,3165.0,2873.0,1841.0,4165.0,0.4232183908045977
XGB_10km,LR_10km,TH54,1752.0,1734.0,1163.0,2249.0,0.5171187194308582
XGB_10km,LR_10km,TH55,2855.0,2609.0,2010.0,3417.0,0.5650013800717637
XGB_10km,LR_10km,TH56,1944.0,3249.0,1564.0,3534.0,0.4627218934911242
XGB_10km,LR_10km,TH57,9702.0,8421.0,6974.0,11188.0,0.6237571022727273
XGB_10km,LR_10km,TH58,916.0,1009.0,488.0,1443.0,0.3381843381843382
