top_share,comparison,within,a,b,median_over_provinces,min_province,max_province
0.05,radius vs 10 km,RF,RF_1km,RF_10km,0.2252927400468384,0.14429530201342283,0.29506314580941445
0.05,radius vs 10 km,RF,RF_5km,RF_10km,0.727830832196453,0.5756457564575646,0.7687687687687688
0.05,radius vs 10 km,RF,RF_20km,RF_10km,0.8091822094691535,0.6716417910447762,0.8485788113695091
0.05,radius vs 10 km,RF,RF_25km,RF_10km,0.7865168539325843,0.6517150395778364,0.8536714210248283
0.05,radius vs 10 km,RF,RF_Rinf,RF_10km,0.7537722908093278,0.5611285266457681,0.8435054773082942
0.05,radius vs 10 km,XGB,XGB_1km,XGB_10km,0.20656028368794327,0.0844069302532208,0.28780864197530864
0.05,radius vs 10 km,XGB,XGB_5km,XGB_10km,0.6648230088495575,0.5340236686390533,0.7384464110127827
0.05,radius vs 10 km,XGB,XGB_20km,XGB_10km,0.6358024691358025,0.5500794912559619,0.7347607052896725
0.05,radius vs 10 km,XGB,XGB_25km,XGB_10km,0.6570713391739674,0.6113105924596051,0.7423148890670943
0.05,radius vs 10 km,XGB,XGB_Rinf,XGB_10km,0.6614896459585838,0.6014568158168574,0.7269812185066422
0.05,radius vs 10 km,LR,LR_1km,LR_10km,0.23879862136878385,0.17660044150110377,0.3021148036253776
0.05,radius vs 10 km,LR,LR_5km,LR_10km,0.7193169690501601,0.5940766550522648,0.8621960206337509
0.05,radius vs 10 km,LR,LR_20km,LR_10km,0.8690364826941066,0.6822033898305084,0.9368131868131868
0.05,radius vs 10 km,LR,LR_25km,LR_10km,0.8626292466765141,0.6386138613861386,0.9359875097580016
0.05,radius vs 10 km,LR,LR_Rinf,LR_10km,0.7950428979980935,0.5618811881188119,0.922623434045689
0.05,algorithm pair,1km,RF_1km,XGB_1km,0.46895973154362414,0.27366997294860235,0.5774877650897227
0.05,algorithm pair,1km,RF_1km,LR_1km,0.4743214475784992,0.10814606741573034,0.6531266702298236
0.05,algorithm pair,1km,XGB_1km,LR_1km,0.3683901292596945,0.07497995188452286,0.5148456057007126
0.05,algorithm pair,5km,RF_5km,XGB_5km,0.5026718260549107,0.4716312056737589,0.6255661801711122
0.05,algorithm pair,5km,RF_5km,LR_5km,0.4485541358439812,0.22163120567375885,0.5111336032388664
0.05,algorithm pair,5km,XGB_5km,LR_5km,0.3975949608703951,0.22532588454376165,0.48777648428405124
0.05,algorithm pair,10km,RF_10km,XGB_10km,0.5155061439438268,0.46938775510204084,0.656516443361754
0.05,algorithm pair,10km,RF_10km,LR_10km,0.5538542766631468,0.3074581430745814,0.6111272095044914
0.05,algorithm pair,10km,XGB_10km,LR_10km,0.4470074812967581,0.2706333973128599,0.49964311206281226
0.05,algorithm pair,20km,RF_20km,XGB_20km,0.6253229974160207,0.4083204930662558,0.672085462145843
0.05,algorithm pair,20km,RF_20km,LR_20km,0.584726867335563,0.4009546539379475,0.6691680261011419
0.05,algorithm pair,20km,XGB_20km,LR_20km,0.47124824684431976,0.283609576427256,0.5356489945155393
0.05,algorithm pair,25km,RF_25km,XGB_25km,0.535671100362757,0.378125,0.6370383459975261
0.05,algorithm pair,25km,RF_25km,LR_25km,0.5819265143992055,0.4004914004914005,0.672065453331107
0.05,algorithm pair,25km,XGB_25km,LR_25km,0.46452702702702703,0.26169590643274854,0.5228215767634855
0.05,algorithm pair,Rinf,RF_Rinf,XGB_Rinf,0.5583410138248848,0.322463768115942,0.655497876356772
0.05,algorithm pair,Rinf,RF_Rinf,LR_Rinf,0.5822709163346613,0.4067357512953368,0.6860368587082849
0.05,algorithm pair,Rinf,XGB_Rinf,LR_Rinf,0.4606607629427793,0.27050359712230215,0.524278484475448
0.1,radius vs 10 km,RF,RF_1km,RF_10km,0.18104184457728437,0.09714998959850218,0.22953077916487302
0.1,radius vs 10 km,RF,RF_5km,RF_10km,0.7811346089291709,0.6079622132253711,0.8071155542487504
0.1,radius vs 10 km,RF,RF_20km,RF_10km,0.8682140047206923,0.7684159845931632,0.8876140041188585
0.1,radius vs 10 km,RF,RF_25km,RF_10km,0.8629864972200159,0.7421875,0.8799034399517199
0.1,radius vs 10 km,RF,RF_Rinf,RF_10km,0.8417015341701534,0.7167785234899329,0.8681932421111421
0.1,radius vs 10 km,XGB,XGB_1km,XGB_10km,0.18078512396694216,0.05950609937518596,0.2361241768579492
0.1,radius vs 10 km,XGB,XGB_5km,XGB_10km,0.7099041533546326,0.5229681978798587,0.8010113027959548
0.1,radius vs 10 km,XGB,XGB_20km,XGB_10km,0.7482736974262398,0.6496529195590037,0.8266205160478288
0.1,radius vs 10 km,XGB,XGB_25km,XGB_10km,0.7412199630314233,0.6538629419467481,0.8369497830130193
0.1,radius vs 10 km,XGB,XGB_Rinf,XGB_10km,0.7332089552238806,0.6404166666666666,0.8253595538597006
0.1,radius vs 10 km,LR,LR_1km,LR_10km,0.17309941520467836,0.1181783243658724,0.2716049382716049
0.1,radius vs 10 km,LR,LR_5km,LR_10km,0.7903329065300896,0.6886574074074074,0.888917004048583
0.1,radius vs 10 km,LR,LR_20km,LR_10km,0.8890191481047284,0.6808721506442021,0.9454787234042553
0.1,radius vs 10 km,LR,LR_25km,LR_10km,0.8776489404238305,0.6390328151986183,0.9374334398296059
0.1,radius vs 10 km,LR,LR_Rinf,LR_10km,0.876468720228644,0.5881032547699214,0.9258373205741627
0.1,algorithm pair,1km,RF_1km,XGB_1km,0.43018777082330284,0.26636407071189677,0.5913671994299095
0.1,algorithm pair,1km,RF_1km,LR_1km,0.33713355048859933,0.0637961057463986,0.5365303244005641
0.1,algorithm pair,1km,XGB_1km,LR_1km,0.27585193889541715,0.05054759898904802,0.44646004700352526
0.1,algorithm pair,5km,RF_5km,XGB_5km,0.5772525849335303,0.48737201365187716,0.6558018252933507
0.1,algorithm pair,5km,RF_5km,LR_5km,0.4538021259198692,0.285,0.5598857376045705
0.1,algorithm pair,5km,XGB_5km,LR_5km,0.4409448818897638,0.264472190692395,0.5763709108025418
0.1,algorithm pair,10km,RF_10km,XGB_10km,0.6383799421407907,0.5466576179165252,0.7257795100222717
0.1,algorithm pair,10km,RF_10km,LR_10km,0.5701376936316696,0.346483704974271,0.6621621621621622
0.1,algorithm pair,10km,XGB_10km,LR_10km,0.523731380964403,0.3381843381843382,0.6605595444416935
0.1,algorithm pair,20km,RF_20km,XGB_20km,0.6739460115256294,0.5445960125918153,0.756831355230472
0.1,algorithm pair,20km,RF_20km,LR_20km,0.6159889731219849,0.41486486486486485,0.7315114217169083
0.1,algorithm pair,20km,XGB_20km,LR_20km,0.566969738092007,0.3257042253521127,0.6897895557287607
0.1,algorithm pair,25km,RF_25km,XGB_25km,0.651538227231191,0.551462621885157,0.7474009553245293
0.1,algorithm pair,25km,RF_25km,LR_25km,0.6233451957295374,0.43793584379358436,0.7454230310908894
0.1,algorithm pair,25km,XGB_25km,LR_25km,0.5635587568360677,0.3055303717135086,0.6917293233082706
0.1,algorithm pair,Rinf,RF_Rinf,XGB_Rinf,0.6522655426765016,0.5194690265486726,0.7665260196905767
0.1,algorithm pair,Rinf,RF_Rinf,LR_Rinf,0.6235853011038145,0.45310015898251194,0.7501564129301356
0.1,algorithm pair,Rinf,XGB_Rinf,LR_Rinf,0.5709668731483976,0.30648330058939094,0.6970333420845366
0.2,radius vs 10 km,RF,RF_1km,RF_10km,0.19838601210490922,0.1161611418912574,0.30233672220152236
0.2,radius vs 10 km,RF,RF_5km,RF_10km,0.7630818619582664,0.49933184855233853,0.8511122788579436
0.2,radius vs 10 km,RF,RF_20km,RF_10km,0.9141724226144794,0.8076082203760385,0.9368191721132898
0.2,radius vs 10 km,RF,RF_25km,RF_10km,0.8989737010904426,0.7780678851174935,0.9286743515850144
0.2,radius vs 10 km,RF,RF_Rinf,RF_10km,0.8846128758724153,0.7533885542168675,0.9214763886375973
0.2,radius vs 10 km,XGB,XGB_1km,XGB_10km,0.2507375807351886,0.05693841355268791,0.3488359675352414
0.2,radius vs 10 km,XGB,XGB_5km,XGB_10km,0.7500692328994738,0.4436850738108256,0.8090504128639722
0.2,radius vs 10 km,XGB,XGB_20km,XGB_10km,0.8368538076709283,0.7683358624178047,0.9061916785596663
0.2,radius vs 10 km,XGB,XGB_25km,XGB_10km,0.8422872668889713,0.7578567748583205,0.9019277762693456
0.2,radius vs 10 km,XGB,XGB_Rinf,XGB_10km,0.8390577860292411,0.7501277465508431,0.8930245084837058
0.2,radius vs 10 km,LR,LR_1km,LR_10km,0.1532739551727513,0.10963057528125748,0.2563496015936255
0.2,radius vs 10 km,LR,LR_5km,LR_10km,0.8904469763365469,0.8022598870056498,0.9199502552690143
0.2,radius vs 10 km,LR,LR_20km,LR_10km,0.9233602244826377,0.8025736539112767,0.9530407523510972
0.2,radius vs 10 km,LR,LR_25km,LR_10km,0.9141630901287554,0.7712574850299401,0.9440378820490745
0.2,radius vs 10 km,LR,LR_Rinf,LR_10km,0.900146484375,0.7148698884758364,0.9335758640155554
0.2,algorithm pair,1km,RF_1km,XGB_1km,0.4382156270037556,0.3638297872340426,0.5813881684574533
0.2,algorithm pair,1km,RF_1km,LR_1km,0.2380503493401353,0.061603053435114505,0.407556270096463
0.2,algorithm pair,1km,XGB_1km,LR_1km,0.20391759942843535,0.0700319321114562,0.36192311307453706
0.2,algorithm pair,5km,RF_5km,XGB_5km,0.6485276390563114,0.45652596771056214,0.7326887609679763
0.2,algorithm pair,5km,RF_5km,LR_5km,0.5094419690218545,0.23113207547169812,0.6530729465824239
0.2,algorithm pair,5km,XGB_5km,LR_5km,0.553933696190005,0.26009791921664627,0.7074761101742552
0.2,algorithm pair,10km,RF_10km,XGB_10km,0.7525682418550044,0.5994659546061415,0.8152079251034182
0.2,algorithm pair,10km,RF_10km,LR_10km,0.6250616674888998,0.3370998116760829,0.761952580195258
0.2,algorithm pair,10km,XGB_10km,LR_10km,0.6504400934075804,0.4054641415709407,0.7905375633399427
0.2,algorithm pair,20km,RF_20km,XGB_20km,0.7888458277824876,0.651792828685259,0.8483990899506132
0.2,algorithm pair,20km,RF_20km,LR_20km,0.6720473070161419,0.3641509433962264,0.7960994850443739
0.2,algorithm pair,20km,XGB_20km,LR_20km,0.68786940613566,0.43472363513055273,0.807638136511376
0.2,algorithm pair,25km,RF_25km,XGB_25km,0.7871328248886204,0.6558567279767668,0.8431458941455087
0.2,algorithm pair,25km,RF_25km,LR_25km,0.6735498108448928,0.3741935483870968,0.7956866579747935
0.2,algorithm pair,25km,XGB_25km,LR_25km,0.6927560366361366,0.4090632603406326,0.8057173107464267
0.2,algorithm pair,Rinf,RF_Rinf,XGB_Rinf,0.7900449101796407,0.6501043841336117,0.852135997350701
0.2,algorithm pair,Rinf,RF_Rinf,LR_Rinf,0.6885226322703929,0.3727467155514818,0.8046697654307643
0.2,algorithm pair,Rinf,XGB_Rinf,LR_Rinf,0.6985109060402684,0.4038715354157501,0.8169996828417381
