map,cells_equal_threshold,hotspot_cells,excess_over_10pct
RF_1km_s42,0,38206,0
RF_1km_s0,0,38206,0
RF_1km_s1,0,38206,0
RF_1km_s7,0,38206,0
RF_1km_s2024,0,38206,0
RF_5km_s42,0,38206,0
RF_5km_s0,0,38206,0
RF_5km_s1,0,38206,0
RF_5km_s7,0,38206,0
RF_5km_s2024,0,38206,0
RF_10km_s42,0,38206,0
RF_10km_s0,0,38206,0
RF_10km_s1,0,38206,0
RF_10km_s7,0,38206,0
RF_10km_s2024,0,38206,0
RF_20km_s42,0,38206,0
RF_20km_s0,1,38206,0
RF_20km_s1,0,38206,0
RF_20km_s7,0,38206,0
RF_20km_s2024,0,38206,0
RF_25km_s42,0,38206,0
RF_25km_s0,0,38206,0
RF_25km_s1,0,38206,0
RF_25km_s7,0,38206,0
RF_25km_s2024,0,38206,0
RF_Rinf_s42,0,38206,0
RF_Rinf_s0,0,38206,0
RF_Rinf_s1,0,38206,0
RF_Rinf_s7,0,38206,0
RF_Rinf_s2024,0,38206,0
XGB_1km_s42,0,38206,0
XGB_1km_s0,0,38206,0
XGB_1km_s1,3,38208,2
XGB_1km_s7,0,38206,0
XGB_1km_s2024,0,38206,0
XGB_5km_s42,0,38206,0
XGB_5km_s0,0,38206,0
XGB_5km_s1,0,38206,0
XGB_5km_s7,0,38206,0
XGB_5km_s2024,0,38206,0
XGB_10km_s42,0,38206,0
XGB_10km_s0,0,38206,0
XGB_10km_s1,0,38206,0
XGB_10km_s7,0,38206,0
XGB_10km_s2024,0,38206,0
XGB_20km_s42,0,38206,0
XGB_20km_s0,0,38206,0
XGB_20km_s1,0,38206,0
XGB_20km_s7,0,38206,0
XGB_20km_s2024,0,38206,0
XGB_25km_s42,0,38206,0
XGB_25km_s0,0,38206,0
XGB_25km_s1,0,38206,0
XGB_25km_s7,0,38206,0
XGB_25km_s2024,0,38206,0
XGB_Rinf_s42,0,38206,0
XGB_Rinf_s0,0,38206,0
XGB_Rinf_s1,0,38206,0
XGB_Rinf_s7,0,38206,0
XGB_Rinf_s2024,0,38206,0
LR_1km_s42,0,38206,0
LR_1km_s0,0,38206,0
LR_1km_s1,0,38206,0
LR_1km_s7,0,38206,0
LR_1km_s2024,0,38206,0
LR_5km_s42,0,38206,0
LR_5km_s0,0,38206,0
LR_5km_s1,0,38206,0
LR_5km_s7,0,38206,0
LR_5km_s2024,0,38206,0
LR_10km_s42,0,38206,0
LR_10km_s0,0,38206,0
LR_10km_s1,0,38206,0
LR_10km_s7,0,38206,0
LR_10km_s2024,0,38206,0
LR_20km_s42,0,38206,0
LR_20km_s0,0,38206,0
LR_20km_s1,0,38206,0
LR_20km_s7,0,38206,0
LR_20km_s2024,0,38206,0
LR_25km_s42,0,38206,0
LR_25km_s0,0,38206,0
LR_25km_s1,0,38206,0
LR_25km_s7,0,38206,0
LR_25km_s2024,0,38206,0
LR_Rinf_s42,0,38206,0
LR_Rinf_s0,0,38206,0
LR_Rinf_s1,0,38206,0
LR_Rinf_s7,0,38206,0
LR_Rinf_s2024,0,38206,0
