set,province,name,valid_km2,core_km2,dependent_km2,never_km2,ever_hotspot_km2,core_share_of_ever
A_all90,ALL,Corridor (9 provinces),95514.0,1844.25,36663.75,57006.0,38508.0,0.04789264568401371
A_all90,TH50,Chiang Mai,22007.5,445.5,8711.25,12850.75,9156.75,0.04865263330330084
A_all90,TH51,Lamphun,4470.5,170.0,1938.5,2362.0,2108.5,0.08062603746739389
A_all90,TH52,Lampang,12453.75,345.5,5004.0,7104.25,5349.5,0.06458547527806337
A_all90,TH53,Uttaradit,7728.5,111.25,2801.0,4816.25,2912.25,0.03820070392308353
A_all90,TH54,Phrae,6480.75,112.75,1695.25,4672.75,1808.0,0.06236172566371682
A_all90,TH55,Nan,12141.5,105.5,3603.75,8432.25,3709.25,0.028442407494776573
A_all90,TH56,Phayao,6118.5,121.0,2218.0,3779.5,2339.0,0.05173150919196238
A_all90,TH57,Chiang Rai,11499.0,399.75,5846.0,5253.25,6245.75,0.06400352239522876
A_all90,TH58,Mae Hong Son,12614.0,33.0,4846.0,7735.0,4879.0,0.006763681082188973
B_no1km_75,ALL,Corridor (9 provinces),95514.0,5050.75,14311.0,76152.25,19361.75,0.2608622670987901
B_no1km_75,TH50,Chiang Mai,22007.5,1337.0,2716.75,17953.75,4053.75,0.32981806968856
B_no1km_75,TH51,Lamphun,4470.5,510.75,876.25,3083.5,1387.0,0.36824080749819754
B_no1km_75,TH52,Lampang,12453.75,807.25,2379.0,9267.5,3186.25,0.2533542565712044
B_no1km_75,TH53,Uttaradit,7728.5,318.0,1538.25,5872.25,1856.25,0.1713131313131313
B_no1km_75,TH54,Phrae,6480.75,194.0,935.25,5351.5,1129.25,0.17179543945096304
B_no1km_75,TH55,Nan,12141.5,347.0,1105.5,10689.0,1452.5,0.23889845094664372
B_no1km_75,TH56,Phayao,6118.5,243.0,1213.75,4661.75,1456.75,0.16680967908014416
B_no1km_75,TH57,Chiang Rai,11499.0,1234.75,2745.0,7519.25,3979.75,0.310258182046611
B_no1km_75,TH58,Mae Hong Son,12614.0,59.0,801.25,11753.75,860.25,0.06858471374600407
