set,n_maps_hotspot,f,cells
A_all90,0,0.0,228024
A_all90,1,0.011111111111111112,31162
A_all90,2,0.022222222222222223,13254
A_all90,3,0.03333333333333333,8607
A_all90,4,0.044444444444444446,6851
A_all90,5,0.05555555555555555,12171
A_all90,6,0.06666666666666667,4854
A_all90,7,0.07777777777777778,3544
A_all90,8,0.08888888888888889,2948
A_all90,9,0.1,2633
A_all90,10,0.1111111111111111,2651
A_all90,11,0.12222222222222222,1999
A_all90,12,0.13333333333333333,1939
A_all90,13,0.14444444444444443,1937
A_all90,14,0.15555555555555556,1895
A_all90,15,0.16666666666666666,2799
A_all90,16,0.17777777777777778,1286
A_all90,17,0.18888888888888888,1035
A_all90,18,0.2,972
A_all90,19,0.2111111111111111,938
A_all90,20,0.2222222222222222,858
A_all90,21,0.23333333333333334,801
A_all90,22,0.24444444444444444,717
A_all90,23,0.25555555555555554,726
A_all90,24,0.26666666666666666,762
A_all90,25,0.2777777777777778,747
A_all90,26,0.28888888888888886,703
A_all90,27,0.3,651
A_all90,28,0.3111111111111111,646
A_all90,29,0.32222222222222224,624
A_all90,30,0.3333333333333333,690
A_all90,31,0.34444444444444444,554
A_all90,32,0.35555555555555557,541
A_all90,33,0.36666666666666664,557
A_all90,34,0.37777777777777777,543
A_all90,35,0.3888888888888889,541
A_all90,36,0.4,562
A_all90,37,0.4111111111111111,565
A_all90,38,0.4222222222222222,526
A_all90,39,0.43333333333333335,548
A_all90,40,0.4444444444444444,620
A_all90,41,0.45555555555555555,539
A_all90,42,0.4666666666666667,573
A_all90,43,0.4777777777777778,518
A_all90,44,0.4888888888888889,521
A_all90,45,0.5,492
A_all90,46,0.5111111111111111,527
A_all90,47,0.5222222222222223,529
A_all90,48,0.5333333333333333,518
A_all90,49,0.5444444444444444,550
A_all90,50,0.5555555555555556,606
A_all90,51,0.5666666666666667,592
A_all90,52,0.5777777777777777,611
A_all90,53,0.5888888888888889,585
A_all90,54,0.6,537
A_all90,55,0.6111111111111112,557
A_all90,56,0.6222222222222222,604
A_all90,57,0.6333333333333333,572
A_all90,58,0.6444444444444445,623
A_all90,59,0.6555555555555556,622
A_all90,60,0.6666666666666666,657
A_all90,61,0.6777777777777778,594
A_all90,62,0.6888888888888889,619
A_all90,63,0.7,662
A_all90,64,0.7111111111111111,631
A_all90,65,0.7222222222222222,656
A_all90,66,0.7333333333333333,703
A_all90,67,0.7444444444444445,687
A_all90,68,0.7555555555555555,756
A_all90,69,0.7666666666666667,810
A_all90,70,0.7777777777777778,893
A_all90,71,0.7888888888888889,1013
A_all90,72,0.8,1056
A_all90,73,0.8111111111111111,1214
A_all90,74,0.8222222222222222,1585
A_all90,75,0.8333333333333334,3771
A_all90,76,0.8444444444444444,1004
A_all90,77,0.8555555555555555,586
A_all90,78,0.8666666666666667,407
A_all90,79,0.8777777777777778,355
A_all90,80,0.8888888888888888,363
A_all90,81,0.9,261
A_all90,82,0.9111111111111111,228
A_all90,83,0.9222222222222223,253
A_all90,84,0.9333333333333333,272
A_all90,85,0.9444444444444444,719
A_all90,86,0.9555555555555556,348
A_all90,87,0.9666666666666667,445
A_all90,88,0.9777777777777777,504
A_all90,89,0.9888888888888889,643
A_all90,90,1.0,3704
B_no1km_75,0,0.0,304609
B_no1km_75,1,0.013333333333333334,5893
B_no1km_75,2,0.02666666666666667,3561
B_no1km_75,3,0.04,2673
B_no1km_75,4,0.05333333333333334,2070
B_no1km_75,5,0.06666666666666667,2504
B_no1km_75,6,0.08,1451
B_no1km_75,7,0.09333333333333334,1310
B_no1km_75,8,0.10666666666666667,1195
B_no1km_75,9,0.12,1194
B_no1km_75,10,0.13333333333333333,1184
B_no1km_75,11,0.14666666666666667,892
B_no1km_75,12,0.16,881
B_no1km_75,13,0.17333333333333334,759
B_no1km_75,14,0.18666666666666668,746
B_no1km_75,15,0.2,739
B_no1km_75,16,0.21333333333333335,672
B_no1km_75,17,0.22666666666666666,618
B_no1km_75,18,0.24,685
B_no1km_75,19,0.25333333333333335,647
B_no1km_75,20,0.26666666666666666,581
B_no1km_75,21,0.28,677
B_no1km_75,22,0.29333333333333333,645
B_no1km_75,23,0.30666666666666664,664
B_no1km_75,24,0.32,746
B_no1km_75,25,0.3333333333333333,999
B_no1km_75,26,0.3466666666666667,729
B_no1km_75,27,0.36,648
B_no1km_75,28,0.37333333333333335,595
B_no1km_75,29,0.38666666666666666,579
B_no1km_75,30,0.4,524
B_no1km_75,31,0.41333333333333333,529
B_no1km_75,32,0.4266666666666667,522
B_no1km_75,33,0.44,533
B_no1km_75,34,0.4533333333333333,509
B_no1km_75,35,0.4666666666666667,509
B_no1km_75,36,0.48,514
B_no1km_75,37,0.49333333333333335,472
B_no1km_75,38,0.5066666666666667,473
B_no1km_75,39,0.52,500
B_no1km_75,40,0.5333333333333333,494
B_no1km_75,41,0.5466666666666666,470
B_no1km_75,42,0.56,480
B_no1km_75,43,0.5733333333333334,485
B_no1km_75,44,0.5866666666666667,487
B_no1km_75,45,0.6,506
B_no1km_75,46,0.6133333333333333,505
B_no1km_75,47,0.6266666666666667,538
B_no1km_75,48,0.64,518
B_no1km_75,49,0.6533333333333333,602
B_no1km_75,50,0.6666666666666666,968
B_no1km_75,51,0.68,505
B_no1km_75,52,0.6933333333333334,490
B_no1km_75,53,0.7066666666666667,471
B_no1km_75,54,0.72,455
B_no1km_75,55,0.7333333333333333,467
B_no1km_75,56,0.7466666666666667,528
B_no1km_75,57,0.76,497
B_no1km_75,58,0.7733333333333333,538
B_no1km_75,59,0.7866666666666666,557
B_no1km_75,60,0.8,560
B_no1km_75,61,0.8133333333333334,561
B_no1km_75,62,0.8266666666666667,592
B_no1km_75,63,0.84,608
B_no1km_75,64,0.8533333333333334,637
B_no1km_75,65,0.8666666666666667,656
B_no1km_75,66,0.88,713
B_no1km_75,67,0.8933333333333333,734
B_no1km_75,68,0.9066666666666666,807
B_no1km_75,69,0.92,858
B_no1km_75,70,0.9333333333333333,988
B_no1km_75,71,0.9466666666666667,1129
B_no1km_75,72,0.96,1241
B_no1km_75,73,0.9733333333333334,1401
B_no1km_75,74,0.9866666666666667,1979
B_no1km_75,75,1.0,11800
