set,province,name,dependent_cells,share_radius,share_learner,share_seed,share_interactions
A_all90,ALL,Corridor (9 provinces),146655,0.35535663,0.19636747,0.044448182,0.4038277
A_all90,TH50,Chiang Mai,34845,0.36860874,0.19094266,0.034784753,0.40566382
A_all90,TH51,Lamphun,7754,0.39517632,0.20367946,0.045161583,0.35598266
A_all90,TH52,Lampang,20016,0.40819207,0.20860222,0.034268074,0.3489376
A_all90,TH53,Uttaradit,11204,0.28373212,0.22384365,0.05451145,0.43791285
A_all90,TH54,Phrae,6781,0.34558028,0.16441041,0.064186364,0.42582294
A_all90,TH55,Nan,14415,0.33336008,0.1853728,0.043968722,0.43729845
A_all90,TH56,Phayao,8872,0.35931867,0.2240185,0.042231135,0.3744317
A_all90,TH57,Chiang Rai,23384,0.3629253,0.18351328,0.05645321,0.39710826
A_all90,TH58,Mae Hong Son,19384,0.21562478,0.17745286,0.040322423,0.5665999
B_no1km_75,ALL,Corridor (9 provinces),57244,0.07252314,0.40120304,0.09251167,0.43376222
B_no1km_75,TH50,Chiang Mai,10867,0.075430416,0.42527354,0.07670013,0.42259592
B_no1km_75,TH51,Lamphun,3505,0.056545522,0.4382038,0.10030007,0.40495056
B_no1km_75,TH52,Lampang,9516,0.08095758,0.43942264,0.07467767,0.40494207
B_no1km_75,TH53,Uttaradit,6153,0.061275527,0.39250007,0.099951826,0.44627258
B_no1km_75,TH54,Phrae,3741,0.085729,0.29967606,0.12914702,0.48544794
B_no1km_75,TH55,Nan,4422,0.060925018,0.40320292,0.09039229,0.44547975
B_no1km_75,TH56,Phayao,4855,0.0679133,0.43115798,0.08016233,0.42076635
B_no1km_75,TH57,Chiang Rai,10980,0.07125912,0.36398378,0.11187515,0.45288193
B_no1km_75,TH58,Mae Hong Son,3205,0.09578333,0.3795463,0.07978068,0.44488963
